date,url,sha256,bytes,rows_country
20230101,http://data.gdeltproject.org/events/20230101.export.CSV.zip,374db38f7d50147ad11c4c1ba61b07a77eddd6897a9de316dc4206dcd3d42837,2508621,1722
20230102,http://data.gdeltproject.org/events/20230102.export.CSV.zip,a9e95799fd996d0647106a645dcf7580f34081134386fb5c416e748231c2d45b,3555362,2336
20230103,http://data.gdeltproject.org/events/20230103.export.CSV.zip,ee974777b47d35fa1f834a6617e973c320c03e451da43eb9c74c807c0663d163,5345657,2882
20230104,http://data.gdeltproject.org/events/20230104.export.CSV.zip,12ea5aaa7058c86f2059bc25bcb93b1325008320231d0d2c7675f24534aa6786,6154791,3521
20230105,http://data.gdeltproject.org/events/20230105.export.CSV.zip,b01231279f6b0c743f90c6822995402bbfa7978084b50f89ea072e777bf8de3f,6572389,3666
20230106,http://data.gdeltproject.org/events/20230106.export.CSV.zip,bd0217fb6652d7945ffcea696b6bad75eeb9abcc98c54fc2322dade0af3cf240,6318322,2877
20230107,http://data.gdeltproject.org/events/20230107.export.CSV.zip,7c84e0dcf7be98fbebbbe6e3934b08b69bf76a991aecd35716820d826c906642,3710077,1618
20230108,http://data.gdeltproject.org/events/20230108.export.CSV.zip,be3a0f49e5e932f896dee6e99da6f5b9743c405d9effbfe2ad1835fcf82577aa,3370989,1875
20230109,http://data.gdeltproject.org/events/20230109.export.CSV.zip,7f06e5e092ef2d837f4ff4e2a32d4f664975e7dc0882234226f245698db2eaef,6273515,2619
20230110,http://data.gdeltproject.org/events/20230110.export.CSV.zip,903519bfb849b4fda9d107e9c0d2d3278b6dbc3ae5c7e7c276a16937120a897d,7195611,3367
20230111,http://data.gdeltproject.org/events/20230111.export.CSV.zip,89ddd7e939ba166a0cc7889481749a7a196fbf4042aaebc488c7beef169751a5,7397275,3495
20230112,http://data.gdeltproject.org/events/20230112.export.CSV.zip,b88db65c876b0499e99598d79d976ec16a92a2bc49c474863ef23da7e1093c97,7375744,3712
20230113,http://data.gdeltproject.org/events/20230113.export.CSV.zip,bd794eb618abe71b5d14fd0bfc3a04b3a882cd2820ae2eb2a80dab557be50880,6905384,3561
20230114,http://data.gdeltproject.org/events/20230114.export.CSV.zip,e6d36206786696fb754c13ecc725b78ff020629f656bcd5d525dc18599b97268,4173108,2270
20230115,http://data.gdeltproject.org/events/20230115.export.CSV.zip,e764c87b2941d9f337ff9f1a49bc67d4e59af2ed7e4a456e0b226d8c6d42ddfe,3478711,2266
20230116,http://data.gdeltproject.org/events/20230116.export.CSV.zip,bcabe80a4d75efbb2a58bac19870c5c6945af243c321d765d06c5bfcb2c8ea70,5652378,3241
20230117,http://data.gdeltproject.org/events/20230117.export.CSV.zip,0b0ab8eb97e3f1db0ab0dccc836079ebf015c3ce061af564d93430128935d8b2,7131653,3594
20230118,http://data.gdeltproject.org/events/20230118.export.CSV.zip,8176d7d4017b793e7dc641e4b33d3b68017ba3a17592d9d8d0ac346795044161,7461911,3505
20230119,http://data.gdeltproject.org/events/20230119.export.CSV.zip,e61c1cc4593a9544f1c94206cd3eec96d1d554184d13ed5c83d8316b02e27c9d,7635833,3955
20230120,http://data.gdeltproject.org/events/20230120.export.CSV.zip,eff6653d60f2182dbbb3fd50de8fddb9661ff72b55bde64c29fa96a271b8e23c,7097958,3688
20230121,http://data.gdeltproject.org/events/20230121.export.CSV.zip,6d474e414d886aa19c62d2bd67901441ef1a0ed66de5f21cc5ad3abc4ac07838,4350129,2375
20230122,http://data.gdeltproject.org/events/20230122.export.CSV.zip,b3e9fd41965532089a1acacb90ba39db9d8590812843bc916b265be4f5fd6d71,3710767,1796
20230123,http://data.gdeltproject.org/events/20230123.export.CSV.zip,fdef3608f6c6c92d3e873b520b0e15988249593baa0fe441d65af73798948dc1,6242958,3804
20230124,http://data.gdeltproject.org/events/20230124.export.CSV.zip,f6ecf03125ebd9627fff4b64cac78042aa32dfc26ddc4a1c03d148aa6281482d,7251259,3519
20230125,http://data.gdeltproject.org/events/20230125.export.CSV.zip,4fd4e86e5f720182cdf4a1ff9b877c360cc494abb4d55f4d8aeae2c368df9fc1,7452474,3668
20230126,http://data.gdeltproject.org/events/20230126.export.CSV.zip,2ae7f54c22b37e23fa7e240cee3bc7c12a41a6abe5b7c14d53e5e46a19722e6b,7661028,4027
20230127,http://data.gdeltproject.org/events/20230127.export.CSV.zip,992bf60fe3d7c7fe1c935eda6a4b618b5a183f76c3e9a31238bf9387250bd899,7221535,3603
20230128,http://data.gdeltproject.org/events/20230128.export.CSV.zip,3010f5da478d5a577cd025a39ec0acbe327d8e9edc9a937b79c5559a9b152983,4528247,2246
20230129,http://data.gdeltproject.org/events/20230129.export.CSV.zip,972f560cadb5d50f58f10e0b32aada78e12e9287557c2b00d1673191750c7072,3730377,2551
20230130,http://data.gdeltproject.org/events/20230130.export.CSV.zip,d1787becdbb330f57f4b49685d5cad681717f8b44a51f3b6b06c0ca817bee28e,6522794,3861
20230131,http://data.gdeltproject.org/events/20230131.export.CSV.zip,a2ddb7be12c0e23352e27ac9a7b16da139c23217c33fe95b40a7e623083f3daf,7468264,3627
20230201,http://data.gdeltproject.org/events/20230201.export.CSV.zip,b5eb6db57493f9abb62cba146581f51799e4a29ae2fce13c7bc7ba3013242f37,7542362,3480
20230202,http://data.gdeltproject.org/events/20230202.export.CSV.zip,6d01c208823a6c6808e582df56947444b5d9c15516b82c8bf59903d3680c7e09,7894518,3789
20230203,http://data.gdeltproject.org/events/20230203.export.CSV.zip,ed5fa3ae91cdb769d004f8bf536db5e18a6f46ad16210e69917687273160e37e,6866866,3082
20230204,http://data.gdeltproject.org/events/20230204.export.CSV.zip,c2f4f18dda106419bd4debd184794c83740f535a4753e7e9c153169bd0a3f4cc,3972648,1997
20230205,http://data.gdeltproject.org/events/20230205.export.CSV.zip,0799478df4918c70ce7bb742046604f9dd9db4bdcf4429999e06372c456422d1,3280779,2084
20230206,http://data.gdeltproject.org/events/20230206.export.CSV.zip,236f73f80703d3abbae271d5da252d95e150599942e08bd8ae2e0e704b94086a,6052371,3103
20230207,http://data.gdeltproject.org/events/20230207.export.CSV.zip,33ff4ae22636866c4a1f5ba23d5d29af3afad976eb377a3120a0947bdd8269ef,7238226,3068
20230208,http://data.gdeltproject.org/events/20230208.export.CSV.zip,f168e9fa18f5d4da33379450263757752ecba6ea2271a052eaf250ab47dd322b,7519119,4074
20230209,http://data.gdeltproject.org/events/20230209.export.CSV.zip,c2a26b783be9bcc72da8491dfb3b76701a5221b7d9a1e7d713d9d62f95c60bf8,7463329,4230
20230210,http://data.gdeltproject.org/events/20230210.export.CSV.zip,1e6ebd893fc918c0955fc4a5673fa353f44317f8f3e9ce939be00c5b3c25c2df,6957047,3797
20230211,http://data.gdeltproject.org/events/20230211.export.CSV.zip,3d85191d99cf4c835b267c6cb88fe299824b0628437c26f110bb5979cbfc1318,4035059,1952
20230212,http://data.gdeltproject.org/events/20230212.export.CSV.zip,658714dbbdba8bbeb2cf7841dee67068483985eb79054638af867197055553e5,3384513,1698
20230213,http://data.gdeltproject.org/events/20230213.export.CSV.zip,2fec2c05a5e6bd1ef4ace6203fd6699a2f07a994d6d2a73ae2e0a3066e554b5e,6082117,3335
20230214,http://data.gdeltproject.org/events/20230214.export.CSV.zip,554b0c2b9f6400e29a5c8cc370b5220ab89379d8bc157f82278ac7c7bf4de229,7370236,3713
20230215,http://data.gdeltproject.org/events/20230215.export.CSV.zip,1688cb59e683f5ecae0a2dd04a9c6bcabf7fc6f2568774b7218c94884e3ae81e,7475308,3980
20230216,http://data.gdeltproject.org/events/20230216.export.CSV.zip,3e4bf67f715493d2a168184230444159a66cd6667434a62d1e4f8f9a25576bac,7556621,3950
20230217,http://data.gdeltproject.org/events/20230217.export.CSV.zip,15a02c6ef590f2aef9f5be8af9b23fc3a258fdc753fd8db513a8ccd86fe9bf6b,7246422,4126
20230218,http://data.gdeltproject.org/events/20230218.export.CSV.zip,20bec4a191ea4eb2a7594bdd4e6eb551610bfffbd326e4f6d0ccd457a3597e00,4447219,3096
20230219,http://data.gdeltproject.org/events/20230219.export.CSV.zip,9c8e2a37b17aa6785a27b1f2b3006ddbce30eb50ecf16fb46b2b389dc78b95f9,3730411,2818
20230220,http://data.gdeltproject.org/events/20230220.export.CSV.zip,8b60e6e16ea3af26c1c48d805b9dbf6dd54a59ea9c661921b54fd3a8dfafcfba,6285965,4746
20230221,http://data.gdeltproject.org/events/20230221.export.CSV.zip,814b221258bd271fbe065d86439d5d4259228933230036c7d5dca1f06a3e8c5b,7508863,5643
20230222,http://data.gdeltproject.org/events/20230222.export.CSV.zip,0c6247a44c5a2d626abc7aea96e0c13a97712c153457c965b54d5a2ab5a438c1,7862155,6216
20230223,http://data.gdeltproject.org/events/20230223.export.CSV.zip,b8f80302b9164ce3ba05bbce95c562ffb15cae18c969ed8bba3855882ed40ea4,7816764,5701
20230224,http://data.gdeltproject.org/events/20230224.export.CSV.zip,645b08aa7226e46f9e46b4dada3e6c14795fc1ff5e02d6bc281a39b0b6ba4aeb,7439076,7124
20230225,http://data.gdeltproject.org/events/20230225.export.CSV.zip,588c4e941757498c57d18a9b547c961aa521dd4471b95ef3547b6ba9ef8b14c2,4389552,3851
20230226,http://data.gdeltproject.org/events/20230226.export.CSV.zip,8c0ad4d2fa041e4c0130b1355eed260835cfcce7ca7de1b3e5e915aa57881482,3335367,2658
20230227,http://data.gdeltproject.org/events/20230227.export.CSV.zip,99096182025d38f0bebbec2ec63a87ff4570d59e5bf16bf7c83ccda304365182,6256706,4212
20230228,http://data.gdeltproject.org/events/20230228.export.CSV.zip,c01d22181d61c42c68d3c7c0444a8c97945260c7ba426757d7dfa8cfd4c2f54a,7387814,4559
20230301,http://data.gdeltproject.org/events/20230301.export.CSV.zip,0a7cfa68222baadb3a69c6d1a45c1b5f26a1541b9870ad008bb3c42127c5efc6,7587646,4374
20230302,http://data.gdeltproject.org/events/20230302.export.CSV.zip,d4b05341e4dacca1a4ed9134b3a757e4755a64604b999bb5330d3f982a7fe914,7524900,4933
20230303,http://data.gdeltproject.org/events/20230303.export.CSV.zip,3c213ebf757a8fa0f56ee4b80ca8d4d5598da9804d3357fd9b34335fe281844e,7122965,4594
20230304,http://data.gdeltproject.org/events/20230304.export.CSV.zip,488bb0c06c1eb7ff46087e90f6868185dc27987fa72af761862e07392f37b509,4172476,2651
20230305,http://data.gdeltproject.org/events/20230305.export.CSV.zip,a0b3c4cce5c300c8366fb58e28d5e834574bc201ddc98c4025cca2178a20f59a,3470194,1873
20230306,http://data.gdeltproject.org/events/20230306.export.CSV.zip,8c77945703d31a794e5ca587a6965a4312b68bdf5c994dd60bc8be59dd80920d,6244679,3358
20230307,http://data.gdeltproject.org/events/20230307.export.CSV.zip,9e92400912c0c26974f8025ea66d63673e4d86a1cc52a1bf7bad46922098c3df,7182934,3588
20230308,http://data.gdeltproject.org/events/20230308.export.CSV.zip,946f4cfd92b895415da27ee03712085572f1f591eaf9e23f4f1a95732800a257,7380234,3465
20230309,http://data.gdeltproject.org/events/20230309.export.CSV.zip,478661946745957ce0c99e6053864092581343c6c01b172fd26c76491d3a50bb,7473418,3425
20230310,http://data.gdeltproject.org/events/20230310.export.CSV.zip,5ac49097c069b38a0e4d1c8d08769c5cebed618f43a8c2e8f25f4e919cee9dac,7291217,3405
20230311,http://data.gdeltproject.org/events/20230311.export.CSV.zip,e431be236908a3048126449ff36cef5634c22e3ae9916ae38a36c0db9f8633f9,4270342,1893
20230312,http://data.gdeltproject.org/events/20230312.export.CSV.zip,6f26632904c13ebf9755412de76e7415bbd4f2b8b748819b7a1522675220bf50,3500958,1839
20230313,http://data.gdeltproject.org/events/20230313.export.CSV.zip,d95e5d67f120beaa23ffe3582766fd6aafca502dd9add95617549c8129813d8a,6212048,3748
20230314,http://data.gdeltproject.org/events/20230314.export.CSV.zip,6c30f42990d754d6dffc35ffb2770e8e0c4f6b3b6b98108557e9850d2c49e7c6,7153514,4021
20230315,http://data.gdeltproject.org/events/20230315.export.CSV.zip,b2738dfc2686e1912895fcf96f912354eef2586a3c7c76aac247639c213dc02c,7563726,4489
20230316,http://data.gdeltproject.org/events/20230316.export.CSV.zip,00760533b0260598ca57968b9ebf51432678b81a8aa4aef4e715ffc236fffeae,7502933,4193
20230317,http://data.gdeltproject.org/events/20230317.export.CSV.zip,9c1cc05c735e088b6929d2c4d571f93feba23052437e4ff247201da09676169e,7211277,4732
20230318,http://data.gdeltproject.org/events/20230318.export.CSV.zip,8277cd805b25a4cbdb9a385d1bd3dbb729957c1e30a7992f372a3ff3d37a8af7,4331656,3557
20230319,http://data.gdeltproject.org/events/20230319.export.CSV.zip,c883adeda14388e896cbebb6be09812556876df2a078b1ac5630a7b53553872f,3731746,2986
20230320,http://data.gdeltproject.org/events/20230320.export.CSV.zip,003a71b9c55aa76cdce92093b2f378fe32e13255e34b4d40c181c9548392fb4c,6682769,4239
20230321,http://data.gdeltproject.org/events/20230321.export.CSV.zip,8bdedaffde251d821f4b1fb9538ad5237cbbbdfd3dc22398d9dab2ecafee356c,6911160,4275
20230322,http://data.gdeltproject.org/events/20230322.export.CSV.zip,9acdf3e6f110a582ff1c7ed104beb1c25899933e19c5272076ecc22a0eb0287b,4223243,2707
20230323,http://data.gdeltproject.org/events/20230323.export.CSV.zip,,0,0
20230324,http://data.gdeltproject.org/events/20230324.export.CSV.zip,9deba75ec32f4e5894211c3bdbcf4d6338c29cf6635d2bbd9d397ddd931db420,14104045,6836
20230325,http://data.gdeltproject.org/events/20230325.export.CSV.zip,23fa663c9166bb53ebc385fa3424e9e99d9291333209cdd687acebecece1bc0f,8261392,4403
20230326,http://data.gdeltproject.org/events/20230326.export.CSV.zip,32d2db350ce3448a8ea88fb1b5577343ecc6a53312f383e1e43807d89bfd8075,6868223,3885
20230327,http://data.gdeltproject.org/events/20230327.export.CSV.zip,8baf4bbba7961f3fdc94500e2ba4e7365085c4cdd1334ae5ef843571783d4d09,11552999,5614
20230328,http://data.gdeltproject.org/events/20230328.export.CSV.zip,8884161019aa4969449b2a61088ec5e3ad793c9986c53bd6e3127844fafbfbe1,12700569,5981
20230329,http://data.gdeltproject.org/events/20230329.export.CSV.zip,c0033aed2d748b8cd31ade0f489d0626159f968fecd1429ecb3e2a009a5e2c87,13198893,6272
20230330,http://data.gdeltproject.org/events/20230330.export.CSV.zip,90a4a24b2b0e3d6902eace51fab2baedc0275f84dd1e111f351bae2de4ed44e7,13105344,7525
20230331,http://data.gdeltproject.org/events/20230331.export.CSV.zip,27d30502af2e5935077ac3f65e4100f5c67f1bb710f4cb1b2c73e8fda0302a2c,12128781,6382
20230401,http://data.gdeltproject.org/events/20230401.export.CSV.zip,ab6abecb994c95ff5802320248e18207dded8f55e98a5a85052c9650d773534c,7182449,3549
20230402,http://data.gdeltproject.org/events/20230402.export.CSV.zip,0cd5f90d83acb89d7b8b6692f9e865398ec6236671afc20014f3b80856fcf876,5996346,4267
20230403,http://data.gdeltproject.org/events/20230403.export.CSV.zip,5c6913981dfd99b721b16bb1eba7e977aa357175844f4664f0334bd8f61c2d07,10674457,7646
20230404,http://data.gdeltproject.org/events/20230404.export.CSV.zip,e26fed8db9b2a4a601d38302e7acc597e1650f20e0337ed8000be2b59a226dcb,12040600,6897
20230405,http://data.gdeltproject.org/events/20230405.export.CSV.zip,5089ab17eeb91a13c15fef71b07c30724f8b92768601e276bcf12a3db05f0ec7,12851445,6733
20230406,http://data.gdeltproject.org/events/20230406.export.CSV.zip,cd8f2ef680b4c6a1c1259d500fcbb71000fa9a4ec26d435258598762eb8d1d27,12202611,6019
20230407,http://data.gdeltproject.org/events/20230407.export.CSV.zip,ce7464d80d314e4cf9a4c8447694608e846dda3a9417afb608deee1fca1c71e6,10182537,5366
20230408,http://data.gdeltproject.org/events/20230408.export.CSV.zip,14360d1e5c75621f3df7793b96dc48f51e6900b93286e98a1388a08c160235f5,6584075,3904
20230409,http://data.gdeltproject.org/events/20230409.export.CSV.zip,64a2d20ecb5b68ca301652ec545789fd04a5c8182c8ef515ee7de70d72d590e9,5471731,2558
20230410,http://data.gdeltproject.org/events/20230410.export.CSV.zip,ffc55fc09118d9422660e9e2aeb70502a50a9fe4f8d4776c25f866d2e2321d96,9285499,5022
20230411,http://data.gdeltproject.org/events/20230411.export.CSV.zip,2ea1cd09abc712f4c5905a4ac32b79b6cbdd13007922ecf5161907e27d650ce0,11549121,5146
20230412,http://data.gdeltproject.org/events/20230412.export.CSV.zip,b6a560407d7f0e9146c1fe6255fa20da2fc42ba88e66a1eca2830928237d42dc,12124778,5271
20230413,http://data.gdeltproject.org/events/20230413.export.CSV.zip,747c1668e698b0527df5fb7e4111bda53899ccef5fd8f284bc3f03ed02b25a0a,12342264,5371
20230414,http://data.gdeltproject.org/events/20230414.export.CSV.zip,c45b8fb79ed7ea52d5a02868299a7f60241f99c01099560e33d825dfba8edeed,11426280,5373
20230415,http://data.gdeltproject.org/events/20230415.export.CSV.zip,7079db394c6c10e5ca700d2488aed7d80c842461f2175e271314429558a08e07,6666266,3041
20230416,http://data.gdeltproject.org/events/20230416.export.CSV.zip,4994e27396ee4dbae8406e274e448039003571f2169f814251a8885d2aa0436d,5727138,2738
20230417,http://data.gdeltproject.org/events/20230417.export.CSV.zip,abed4c8fe8c243ed720f7497c1b8820ba3a384c91f3a9ab8c1fbf0c60f0a19c7,10455276,6033
20230418,http://data.gdeltproject.org/events/20230418.export.CSV.zip,f2897e80db518eacd223a58ae24de31945481e336408c267890aab29ff24733e,11766843,7008
20230419,http://data.gdeltproject.org/events/20230419.export.CSV.zip,ca37abbf52dfb3344b26b7a31230de269cfb684fcd6fa4dc720c683336299845,11944299,5491
20230420,http://data.gdeltproject.org/events/20230420.export.CSV.zip,7e77b193b398f342a11e2a0f9204c0d1c333176ea9ff081fb1c664cfd3035af9,11518486,4549
20230421,http://data.gdeltproject.org/events/20230421.export.CSV.zip,1d9722fcb70bbde7b2a0011fe288bab664934cbbd93d2856c19deeed78d276ff,11025918,5052
20230422,http://data.gdeltproject.org/events/20230422.export.CSV.zip,00e6d1443f025ea2c4726c4efe323a748c32422209e08d38624b404cdf008745,6256953,2673
20230423,http://data.gdeltproject.org/events/20230423.export.CSV.zip,4d61ec47f9976f6d6a794cd59e3c14537cf9b4396e96f1f62b169c5f547c88d1,5476506,2830
20230424,http://data.gdeltproject.org/events/20230424.export.CSV.zip,8d2733ab62d28fbcf4953caaca54f45f00d0139cbfa3d1a296aeee45cad2bf2e,10350815,4990
20230425,http://data.gdeltproject.org/events/20230425.export.CSV.zip,f1750e52231b381553ca628f577afffd274c4c30c353c2d31938b0ad6ed683a1,11750320,5299
20230426,http://data.gdeltproject.org/events/20230426.export.CSV.zip,6dc9eb5e395c62e583e53209db541e7dd44f115cd71704b08bd40940b38e9f81,12202561,5819
20230427,http://data.gdeltproject.org/events/20230427.export.CSV.zip,5f2e3a02374ed966dd37fa696ed7c9fce8adc11f8af1d6928a06c7890ab997a8,12261411,5475
20230428,http://data.gdeltproject.org/events/20230428.export.CSV.zip,3087bf34b71bb566a92497a770eee9ef74e57d0f7794094058f7711a9a7032a0,11537402,5352
20230429,http://data.gdeltproject.org/events/20230429.export.CSV.zip,ca4149d8a903b2f753357edac70a74bea97aeda429e2afc2be080f0b4879684c,6664010,3189
20230430,http://data.gdeltproject.org/events/20230430.export.CSV.zip,c9718b40905f999546fd237089633eebd7bcfc0056a75a85d2cc84cb2a30bfdf,5795441,3225
20230501,http://data.gdeltproject.org/events/20230501.export.CSV.zip,efb104763159191b4f539c69d2cce444e3ec24e6b372e4e153e8e8b8f9f0d46e,9342360,4135
20230502,http://data.gdeltproject.org/events/20230502.export.CSV.zip,39b837285109b3059056e1a333900559ba1d16b005bc328657785d58102ff17a,11369619,4345
20230503,http://data.gdeltproject.org/events/20230503.export.CSV.zip,d9a6393ddc4106a78b4ade5150b618d9117e97a2eb5043bf0169c095b492e31d,12030918,5703
20230504,http://data.gdeltproject.org/events/20230504.export.CSV.zip,2231f24e700de6f56eb82e746bc2fdf0866612b25c8264dbb1ad81b8af029f7a,12047539,6334
20230505,http://data.gdeltproject.org/events/20230505.export.CSV.zip,d014738bc52b1dfcdae6b639f89bbcb74136dd81a6551b7de7de8eb4bec3665a,11443310,5667
20230506,http://data.gdeltproject.org/events/20230506.export.CSV.zip,c9aa42c03b6e484858210110ee8d7ecba37b59c8666ef64f9be69e8e4329389f,6749984,3637
20230507,http://data.gdeltproject.org/events/20230507.export.CSV.zip,647c19bb57a4b00cf1cf6a48f62fd55175534695d9a7e8830a7311c716c597d4,5634797,3118
20230508,http://data.gdeltproject.org/events/20230508.export.CSV.zip,4e99a001ed1db420a74447efaf72ae3879941b36bf0ca1c992419d3837b48986,9810494,4354
20230509,http://data.gdeltproject.org/events/20230509.export.CSV.zip,87461ea3838013859223c8ce1516c365845aba494f6e38d321ddc8ee28efac15,11573093,5372
20230510,http://data.gdeltproject.org/events/20230510.export.CSV.zip,22258ecf8f5246f4d0675a019c506d76b388c9202bdd569f352047f1a89e534e,11779902,4578
20230511,http://data.gdeltproject.org/events/20230511.export.CSV.zip,78ec41b0609bea6e12176121f5b22184f023d8bdc6aef86706afd6b9902934bb,11578965,5427
20230512,http://data.gdeltproject.org/events/20230512.export.CSV.zip,73a139813ad599ceb6d0dcb2f8d09f76697ccc4b9080249394c371dedcc20647,11117072,5452
20230513,http://data.gdeltproject.org/events/20230513.export.CSV.zip,c064d8052174b5cd6ad44fe6a7e9d3a7e8a3a71c8982a4662b29474b60cca4b5,6618912,3910
20230514,http://data.gdeltproject.org/events/20230514.export.CSV.zip,fa6a19af05b853b311130c0183ce146ae63c975a7cfaf2405337845833d9d9b0,5426128,3268
20230515,http://data.gdeltproject.org/events/20230515.export.CSV.zip,6fed83eff7240c0f34d0ed9fb6fbfb143cb50e98fa4ddeb3339576a53df95b0f,10063852,5904
20230516,http://data.gdeltproject.org/events/20230516.export.CSV.zip,e71a58c63f7baa05b5ca391e5d485331332f4ed23478838049af0c27a7d95731,11392189,6362
20230517,http://data.gdeltproject.org/events/20230517.export.CSV.zip,a73963a98a79e735a5ec32cdf408f4fe163a224528e1fc6b3385bda1d3fb213a,12113012,6211
20230518,http://data.gdeltproject.org/events/20230518.export.CSV.zip,89363494794f9b34608f12780c9c4808f9fa854678cec352e64826f290cd5b45,11856403,6250
20230519,http://data.gdeltproject.org/events/20230519.export.CSV.zip,882db1c5351b69d09632d61b42ad662063aebd050349b8d7106ff7adac5f46ed,11608761,6927
20230520,http://data.gdeltproject.org/events/20230520.export.CSV.zip,6e6ee2e703b0969d59a5e83c17b3c32ed55f1ef6427723a69c0aa6e27be6b9c5,6785360,4950
20230521,http://data.gdeltproject.org/events/20230521.export.CSV.zip,79910a82dc6a4cd2b59bccfbab77a05f1d8488ba7a973c7885ba8f999fff7bf5,5956061,4597
20230522,http://data.gdeltproject.org/events/20230522.export.CSV.zip,50b88dfec5201572149325c11c904deb10cd973c7616024d6c05825e848b3c27,10074684,5729
20230523,http://data.gdeltproject.org/events/20230523.export.CSV.zip,66c73d8b9ae903f993192d73e6e1f2c9a33d8154c071a842d6ff0a2343c0421f,10925689,6387
20230524,http://data.gdeltproject.org/events/20230524.export.CSV.zip,069e5b718eebfb8f7b2b22b1d2d214047c82d1fd108e4e0a6fb4b4c64fda5c1b,11289059,6311
20230525,http://data.gdeltproject.org/events/20230525.export.CSV.zip,ebbba2a6d3d5c6dc6b61897064900f297c1ec6222f6e362fb13ac0eb07e5af52,11311944,6268
20230526,http://data.gdeltproject.org/events/20230526.export.CSV.zip,71ae02085a3a184f9190885c8c0ddc66279bb3bec607868e0c69d0af9124ef19,10358538,6042
20230527,http://data.gdeltproject.org/events/20230527.export.CSV.zip,8bb95addfe8ae8fd28cbfcc9e318afa6f3ce4413e1dee2f7335b37e92f1f4d6f,5893566,3341
20230528,http://data.gdeltproject.org/events/20230528.export.CSV.zip,f202cff0d9cae9bce344a3f7f3e675ac703ca4837475f90df4c21e1f65728616,5170447,2934
20230529,http://data.gdeltproject.org/events/20230529.export.CSV.zip,6a47f6926af6d85fa676ed1330aa10fbce4819a4271e3e553c9737168b28b8d6,7354326,4336
20230530,http://data.gdeltproject.org/events/20230530.export.CSV.zip,68cda76671ab66313f81163c97a5874dbb9bf08dd07aed38854639994a6013eb,10137540,5157
20230531,http://data.gdeltproject.org/events/20230531.export.CSV.zip,8b83a00c2b2e6f3f43f10ca3d75a6527b754fe5a460ec5ffa6ba74597ca38625,11122076,5341
20230601,http://data.gdeltproject.org/events/20230601.export.CSV.zip,180e58cadb081dd51b5bacf7c0c00923492612ff73ecced3fa1fbe33a2ec0b37,11567241,5796
20230602,http://data.gdeltproject.org/events/20230602.export.CSV.zip,fae2e5e4aac72e3a9ab9824d121314727af034a0578d21498cddb2ef418d2b17,10729543,5188
20230603,http://data.gdeltproject.org/events/20230603.export.CSV.zip,b9879f3537a59e238525c8e70dec904c77495fe4d19b5b2c1677f3f48a058903,5994270,2966
20230604,http://data.gdeltproject.org/events/20230604.export.CSV.zip,df0439509cc164ba253ddd2ec2f5f819ea3aeee546d559023aa1fcaef99a8a11,5441741,3161
20230605,http://data.gdeltproject.org/events/20230605.export.CSV.zip,2139f1099036e8a9cb837debbc4e97c6468b463ef01481aff9b012369179de10,9595846,5053
20230606,http://data.gdeltproject.org/events/20230606.export.CSV.zip,525cbadd9daa18f71a62046385a9eccca010ae24f76798b9589d9ec9e564e98f,10964213,6691
20230607,http://data.gdeltproject.org/events/20230607.export.CSV.zip,a193171bf5d1cc30d22c59ccfd59426757537c734a7566942fbb91b002bd0134,11204767,5836
20230608,http://data.gdeltproject.org/events/20230608.export.CSV.zip,cceb8a98b2a9f796467b06e4fb0d608e7a836b895c476f8dab93a23846858615,11306771,5582
20230609,http://data.gdeltproject.org/events/20230609.export.CSV.zip,a002c40fa467a27d8db9b2478fb062f4e1e94d2674ba7b7b0b048b905e94c0bd,10507371,5462
20230610,http://data.gdeltproject.org/events/20230610.export.CSV.zip,e9f20d476c387ca3ce60f24f6e98942211cec47b3668b613b4d561abf22ef1ab,6144432,3704
20230611,http://data.gdeltproject.org/events/20230611.export.CSV.zip,29dc07252defe9efbac303a99564464b5aaf7897ffac59d8b30648ee3e75e14d,5149074,2956
20230612,http://data.gdeltproject.org/events/20230612.export.CSV.zip,80e0b2afe404017c48dda1737dab69a0233c7741a1164654d009f9a5552ef6c3,9470022,4987
20230613,http://data.gdeltproject.org/events/20230613.export.CSV.zip,719489f691c44caa94bbec474eb965793d912f1ffa38c29e9c9cdf5df77eb257,10528592,4994
20230614,http://data.gdeltproject.org/events/20230614.export.CSV.zip,e2fe1f9f7cbe220e80e0d63159289511f6568e346abc2e0c49267831af2d102a,11168677,5272
20230615,http://data.gdeltproject.org/events/20230615.export.CSV.zip,662dc2f15ccda3d84cb3319c98b464e9a68074d25b0af5c1bd610aba044787b4,11168017,5122
20230616,http://data.gdeltproject.org/events/20230616.export.CSV.zip,764d1d4131489e0d177df0c38dfa36313cafd3dc79a97ec7ab0ea42919980f8e,10513927,5594
20230617,http://data.gdeltproject.org/events/20230617.export.CSV.zip,57cc3028ccdbc42716a566672e67a3acfc6455187f02dbc3bfdf9ab7d2a24aa8,6334228,3945
20230618,http://data.gdeltproject.org/events/20230618.export.CSV.zip,4fa1f49c978176cf91efb6950aa4e1ea96add02692bb1a514ab8da2f893d9273,5359143,3144
20230619,http://data.gdeltproject.org/events/20230619.export.CSV.zip,7734a6fc54f8366532ac379b1b1da050edb3c13db5e0d15a79a2458c0d94440b,9188332,4471
20230620,http://data.gdeltproject.org/events/20230620.export.CSV.zip,ba6b977bd5bc5fba09de59bfa8af7bd717c2f4e2028277b4828b61ea477591c8,11125876,4790
20230621,http://data.gdeltproject.org/events/20230621.export.CSV.zip,70edff928e7bc1019421a1447737c8f9307206cd7cf822d023a255844c972ae6,11345576,4665
20230622,http://data.gdeltproject.org/events/20230622.export.CSV.zip,bf8936a2ef6762b19331d77b7ec3a0bf30b5c3a6681c2381d4e0fbf8152aca96,11216359,5124
20230623,http://data.gdeltproject.org/events/20230623.export.CSV.zip,eeedf67fe171f7e2492183e25e59aa49dbe3f620759de09206d0d0d8610f2298,10335641,5646
20230624,http://data.gdeltproject.org/events/20230624.export.CSV.zip,6ca34c5201ebd3af6ed6df9ccc962565a4a14f34958b18e9f269ab403675afa2,6587787,11326
20230625,http://data.gdeltproject.org/events/20230625.export.CSV.zip,ed6c89b4c27d29dcf3126169bbc4433fe85a456c2e4b80d5d2c7e18e8fafc036,5257208,7967
20230626,http://data.gdeltproject.org/events/20230626.export.CSV.zip,f3a54c597ab58631baa0672d067d9c18776e7507fc67cd4c7e0efcd1a7c6205c,9137157,10000
20230627,http://data.gdeltproject.org/events/20230627.export.CSV.zip,01c55871f21743844065c8ad84f0de27797d476800823b83d535a411e6ae286e,10201632,8381
20230628,http://data.gdeltproject.org/events/20230628.export.CSV.zip,183c2269e64ee703da643b1bc5d116e4462c2f7f5173097cce6a9145b57165d3,10106559,6717
20230629,http://data.gdeltproject.org/events/20230629.export.CSV.zip,7467f3f760a9a935ac149aaeedfe6708a0bf24bec0217318d410c53964e25353,10124956,5905
20230630,http://data.gdeltproject.org/events/20230630.export.CSV.zip,d503ed634589dc7fbcc6b72063c87aafc5430bec3946c4371a371956f5f06bfc,9663644,5491
20230701,http://data.gdeltproject.org/events/20230701.export.CSV.zip,a9e40040297e42f49588ad9ba8b288578fe5fe5df61998e865900060e20c7de9,5533905,2947
20230702,http://data.gdeltproject.org/events/20230702.export.CSV.zip,1db1b605d43259bf6f3b18e44c9220098df8dcd52ec8fac2174e1befab3548f0,4654622,2302
20230703,http://data.gdeltproject.org/events/20230703.export.CSV.zip,a421567aac42799d5770cebbd017ccfc8a88d8988a594a6089245ef737361150,8098146,4212
20230704,http://data.gdeltproject.org/events/20230704.export.CSV.zip,010b3b1cf73e147bb4ee488297dba4f1f6481534ec36706571525f5e2b9f092f,7893693,4670
20230705,http://data.gdeltproject.org/events/20230705.export.CSV.zip,319dd3b23d4c3276fd3ba08b4333666ddcd0062fd28bb26cd5ae4e48788bad66,9322707,4656
20230706,http://data.gdeltproject.org/events/20230706.export.CSV.zip,027ef345f8180d5caac25776b8db68d231d2a9fc4da5246e8d496f8846e2c3f2,10147431,5936
20230707,http://data.gdeltproject.org/events/20230707.export.CSV.zip,eaf7b7258a72076f02c628b7684ee83c2f8ece7d7784242bdf5f6515a878fa80,9642744,5003
20230708,http://data.gdeltproject.org/events/20230708.export.CSV.zip,7727cb312494d2b4f64db750b2988636dd6d1ba4c8fd1c92c5c3abef49963338,5757021,3410
20230709,http://data.gdeltproject.org/events/20230709.export.CSV.zip,0888949bb63dfd4d6e2b3bfe1bf0ba536aa4bb152801ce9bdaf9842314e54a92,4962913,3029
20230710,http://data.gdeltproject.org/events/20230710.export.CSV.zip,def41931589acaf967ca3dc3a3d504e24f57231b1207044efdf520799949a4b4,9345826,4882
20230711,http://data.gdeltproject.org/events/20230711.export.CSV.zip,ed9288cd99d20d977fe858d8627509107a7cfbfb35b687a2583d8d39f92ffbeb,10568518,5093
20230712,http://data.gdeltproject.org/events/20230712.export.CSV.zip,1f99e5b06cde5048c5e85a64615cceb89528cc1aed96f53fa551ad93dd904101,11120103,5080
20230713,http://data.gdeltproject.org/events/20230713.export.CSV.zip,917232134e56a2be126b78d92b12caa3246691be2951c0b7d62f669d93dc771e,10884167,5208
20230714,http://data.gdeltproject.org/events/20230714.export.CSV.zip,bcef682b3090542abd20ecc6a5e3681c45bbb493de6abb779c022e9fbf3b1769,9712541,5234
20230715,http://data.gdeltproject.org/events/20230715.export.CSV.zip,85dc8cf49dade2dfe65922c7688a0cf20219629250779132f1021db6bf4d6c74,5867825,3384
20230716,http://data.gdeltproject.org/events/20230716.export.CSV.zip,8e6858f15779772883662e9ea0946490eae5c34a8b52fb0af59187c70af70086,4927528,3196
20230717,http://data.gdeltproject.org/events/20230717.export.CSV.zip,e0b0a8f0b7f6ac889ed7ba6c097adc21a5e36c8cb9b753504f13252a2d5cc5d6,9228571,5693
20230718,http://data.gdeltproject.org/events/20230718.export.CSV.zip,e428dde79fcbebbe92a5d4e3e2d60becee315cfda33c83920ba5a5be4e06b445,10672862,5278
20230719,http://data.gdeltproject.org/events/20230719.export.CSV.zip,00ca37c9a55b16a0e4ff401b9ad9d0b710b19510ea7d24532c60f1627043ab24,11164729,5813
20230720,http://data.gdeltproject.org/events/20230720.export.CSV.zip,cee1138d4ecd5b2c9744f23e6a500f936a23248359f26ea3d2ba7239d9043454,11984133,6996
20230721,http://data.gdeltproject.org/events/20230721.export.CSV.zip,e72f5433770d090548ee1325ea774cc0db1f3c67e9ad55b7497c03f2c4715be0,9633002,5225
20230722,http://data.gdeltproject.org/events/20230722.export.CSV.zip,38cdbc2d9543be16eca78b895f6399dded88bda00a9cd5bf16f4d746a521e911,5535543,3754
20230723,http://data.gdeltproject.org/events/20230723.export.CSV.zip,5cbf1e175aab8c61f0c95540ac94ab4e97c6bea9228f73be6eb05ee82dc02403,4817028,2895
20230724,http://data.gdeltproject.org/events/20230724.export.CSV.zip,179952894a33c1a6dcc23cb4bd45820241cb0162107256efb5a40b9c4fbb5d5c,8854138,4158
20230725,http://data.gdeltproject.org/events/20230725.export.CSV.zip,acfbc982ede78de44aa234075dcc814b7e389d443a9f3401152b5e0f5cdcff65,10088915,5226
20230726,http://data.gdeltproject.org/events/20230726.export.CSV.zip,f49717bf13b6b60821d3a88ec7f5ecb901a9d19d42f90625fab38177773ec14c,10292135,5240
20230727,http://data.gdeltproject.org/events/20230727.export.CSV.zip,036b112beb440ed5888e2afa2e06f1a40105ea4119a14f035834ed269f1e6e5f,10251015,6076
20230728,http://data.gdeltproject.org/events/20230728.export.CSV.zip,87a8c31bba5de7f1a31760b2bff03921e3230ec9c1bfc88c813802cad1b90434,9382337,5274
20230729,http://data.gdeltproject.org/events/20230729.export.CSV.zip,7a3dcaeb8aa6f331977655d92ee9cd1f245d7f7f6a4174a88a16831b7ef45d48,5707721,3541
20230730,http://data.gdeltproject.org/events/20230730.export.CSV.zip,d381275df7b95638f582ca25771eb75b4c7b476bf5b58ceb05bbcbac65d77c7f,4872948,3478
20230731,http://data.gdeltproject.org/events/20230731.export.CSV.zip,1a32f3e4a03b03bc647eb13289b82aac7c337445444e3d916aceb7ace83fe9f3,8690604,4450
20230801,http://data.gdeltproject.org/events/20230801.export.CSV.zip,a350c53ba796b2f34cfb7c30276d926c99a91b04eec57dd19c9e6a6e5eb91a23,9679910,4345
20230802,http://data.gdeltproject.org/events/20230802.export.CSV.zip,e580f901eaafb788d94121d8cdb24670eed216d5f38da64233ef16291c65a7b2,10243583,4426
20230803,http://data.gdeltproject.org/events/20230803.export.CSV.zip,cb8f567e687d63f3f0e3113c26f7b5666df273a2e58efb1c6131ce352ba71c07,10078652,4505
20230804,http://data.gdeltproject.org/events/20230804.export.CSV.zip,9ba4f856e46cd7d2a9b8a7f2da79fdddbd0ac77c299ba02fe09d2b6d8ca15831,9451064,4928
20230805,http://data.gdeltproject.org/events/20230805.export.CSV.zip,cc63f79416d862cd2b8027c29b0d93d8657851ce15b49bc773c5df1d4a9c75bd,5778189,3621
20230806,http://data.gdeltproject.org/events/20230806.export.CSV.zip,9d5ff473656281714308f9d6bcd506dd8d833ed62f49ece98f751b63f7b3777c,4954044,3150
20230807,http://data.gdeltproject.org/events/20230807.export.CSV.zip,e06c68a8f5b6797c9e799eb2b0618b2e85af5400d2d58cf291c637586a0612f8,8584848,4070
20230808,http://data.gdeltproject.org/events/20230808.export.CSV.zip,4c63cc7d954320c2b164c1f52e6c221ff1c749c2373fc06a530ef55eb205e1ca,9722911,4204
20230809,http://data.gdeltproject.org/events/20230809.export.CSV.zip,a6b50cb0739587937baeced6893c857decebd4032bcb622af3c0ffb91d3e6052,9824414,3549
20230810,http://data.gdeltproject.org/events/20230810.export.CSV.zip,261f92d54a8dce4ef671871f37584eda19d6937f5e57d7089ed75a438d66ede0,9890322,4073
20230811,http://data.gdeltproject.org/events/20230811.export.CSV.zip,e42b2d734201242e04ece6f7015d1352a7992809b9b44bda5efa7076c7222da7,9098848,3302
20230812,http://data.gdeltproject.org/events/20230812.export.CSV.zip,989da7f3cc2510bf6021129636e3c5b83762bef87c25a0b34b2396a78deb8d77,5454215,2325
20230813,http://data.gdeltproject.org/events/20230813.export.CSV.zip,99a89ef58303e0f914121d0e9bffe0327150f1d61f3ca0ddea235ea3cf620e5e,4776232,2249
20230814,http://data.gdeltproject.org/events/20230814.export.CSV.zip,4285dfe2896dbcd1a37a0de2a653c8a70c00ad5e167287bb76f672973d450890,8414542,3850
20230815,http://data.gdeltproject.org/events/20230815.export.CSV.zip,8b7be3731484000edf15ea6a40e50da4bdb4ebf72a781e627f1743be8dec3804,9200802,3748
20230816,http://data.gdeltproject.org/events/20230816.export.CSV.zip,48001fac73ecb2458050bc9d93634e2072dd9a6b476cbf92019a397c9b5342f5,9458304,3880
20230817,http://data.gdeltproject.org/events/20230817.export.CSV.zip,3977b4b9083231c7f2c8a172de7ccbff064cc87162d014228440111264527a83,9718549,3627
20230818,http://data.gdeltproject.org/events/20230818.export.CSV.zip,cb6828522cdb662751baf7efb48eca01eacd663f9e6345434a30445741455783,9401355,4269
20230819,http://data.gdeltproject.org/events/20230819.export.CSV.zip,7d34745b7c37382982b1574ee48be0dd05a66fe7bc54f878d9b45a2ed7eadadd,5641365,2865
20230820,http://data.gdeltproject.org/events/20230820.export.CSV.zip,ceb85fd20a4afcd3fbd1d85d186991d6dd4b3ad0abfab1e8fbea0dcf87761c90,4812745,2769
20230821,http://data.gdeltproject.org/events/20230821.export.CSV.zip,03cf9b1a48083170a814737f4d74c415684e8748973582cf5ef80d6c0da6335f,8956741,4024
20230822,http://data.gdeltproject.org/events/20230822.export.CSV.zip,0b97c80f36b83653c3b4dda1decd5f40ff8f03f8128f28b87d867ff2241ce6e7,10393409,4762
20230823,http://data.gdeltproject.org/events/20230823.export.CSV.zip,3b183bb000b61520ba126b898db753a0494b97301e73a4567a26f434e43c599a,10125484,6098
20230824,http://data.gdeltproject.org/events/20230824.export.CSV.zip,a806a0292def0b1e7310744f035350649830a533d240c5d0c35d01f584f5b7a2,10540078,8511
20230825,http://data.gdeltproject.org/events/20230825.export.CSV.zip,2d9bd4a0eb88bc5f3973eceb768bfa3bec1aa89ff4a9ba1405c8cb5f9b76b287,9624243,5707
20230826,http://data.gdeltproject.org/events/20230826.export.CSV.zip,888aa44d921ab7981559f1c22dfc0a752eec42a16506d9ba9171e95b4c0cd8f9,5624207,3540
20230827,http://data.gdeltproject.org/events/20230827.export.CSV.zip,8c072981f84e453e3d45487fc6874aa0cc651477bf6319b1fedbad63ce8eb033,4871891,3184
20230828,http://data.gdeltproject.org/events/20230828.export.CSV.zip,d6d5f873f140b4b778683c20241bfd986d9c6cf78f5df65b715a5e3c0d842870,8659241,4125
20230829,http://data.gdeltproject.org/events/20230829.export.CSV.zip,c8aecf641edaa434e9b05746dd0471a54682873f0329f089e6f7a6b588354958,9918948,4505
20230830,http://data.gdeltproject.org/events/20230830.export.CSV.zip,8b13429cba5e81525717b9d5240eb1b80e3e86fcd6eab31038febd8f4ea8c74e,10224290,5338
20230831,http://data.gdeltproject.org/events/20230831.export.CSV.zip,127c69897c83fff568f255b0f4cbb26473d5bafc3524d3480650a4087f26f4d0,10121469,4576
20230901,http://data.gdeltproject.org/events/20230901.export.CSV.zip,2372f4ffd90b801de2947f2887b339b46bed9800909c5f97465ef60149b57b9e,9367080,4491
20230902,http://data.gdeltproject.org/events/20230902.export.CSV.zip,3ea148f7e6671bf9504fad834edf5731a0aa3b297792b220710c3244f4f47a04,5241545,2872
20230903,http://data.gdeltproject.org/events/20230903.export.CSV.zip,48f672020c17026cc4c9971b2e722ce8ad38f4e35b3b73a660bf94f41d155a86,4570786,2551
20230904,http://data.gdeltproject.org/events/20230904.export.CSV.zip,4a1f28bb2b426e67ecc80f2c32ea6ebe2c532ae8bee5d6423a3687282442d8e5,7343733,4758
20230905,http://data.gdeltproject.org/events/20230905.export.CSV.zip,b890288fdafe3de5ecbffbffdc61a5b77df810df3f234e97ba43f4ac8331ff91,9577279,5467
20230906,http://data.gdeltproject.org/events/20230906.export.CSV.zip,a7dd0bb097a7482f0883efae07c43915e58df5a7c4bb3755029da2999a0a6371,10787102,5647
20230907,http://data.gdeltproject.org/events/20230907.export.CSV.zip,29e01095033f02116eea5f35c0b1ea45d41666adfc93f704a92e11fdf83a104b,10985187,5069
20230908,http://data.gdeltproject.org/events/20230908.export.CSV.zip,8a1ead923e22a9b0e9fc292ea50ff54fc3b0fb584db90a63fc3aa0f139ae5bd1,10344827,4776
20230909,http://data.gdeltproject.org/events/20230909.export.CSV.zip,8403712b4e6694e4c4579d9eed2a22e50f619f1ce1cd4001b8dd629dd0db4961,6052330,3589
20230910,http://data.gdeltproject.org/events/20230910.export.CSV.zip,4893f6c95e82e3a4edeb29c5e85ec6d89cc868dab9ea76731f367a7c522a2a9c,5479281,3310
20230911,http://data.gdeltproject.org/events/20230911.export.CSV.zip,5a32f74f275fcc45702f44d1de88ca65f09d323ce5332460f2624a4eb1a58e20,9648462,4749
20230912,http://data.gdeltproject.org/events/20230912.export.CSV.zip,13f708944cc116bd4c5d64b354b03d482c2924b394d0945efba4165e9fa9e8d5,10774531,6238
20230913,http://data.gdeltproject.org/events/20230913.export.CSV.zip,b1cb1cf6aaa11c324925d7836e7a66697c7d0e4631b619b13f96d6b6551614d4,10964092,6590
20230914,http://data.gdeltproject.org/events/20230914.export.CSV.zip,b117474f33d5756057069d5e99773d4a70effbfc1da6d5916d186b333679f1f1,10893771,5750
20230915,http://data.gdeltproject.org/events/20230915.export.CSV.zip,894435d0dda51d9bc1a6ac1f21fac92602434671dba6e8d369246266c5347e30,10419561,5560
20230916,http://data.gdeltproject.org/events/20230916.export.CSV.zip,cd1966fad5cdb9c2e4015acf4abc2c1de136e8d11154dbeb656d7bc64fde1571,6293337,4005
20230917,http://data.gdeltproject.org/events/20230917.export.CSV.zip,cf70e2014968ef003c1d0cfb65bc57404b81d98180995c2a3007d1c35c22ce0e,5167990,3539
20230918,http://data.gdeltproject.org/events/20230918.export.CSV.zip,c17c93754b7611bea9d17645ee8f87424d2c0000fedbb4b57cf07bd948088f5f,9678066,5085
20230919,http://data.gdeltproject.org/events/20230919.export.CSV.zip,41c63748fabd932c31900c51a128926edee2f281c68c3c98b29b3226240c158f,10802078,6006
20230920,http://data.gdeltproject.org/events/20230920.export.CSV.zip,acb465282e190689092bf3b0f1de8a4b70b5cdf2728e4e50aa449cdaa82ed9fe,11416216,6780
20230921,http://data.gdeltproject.org/events/20230921.export.CSV.zip,3b6d2edecf159df09a213b1af0d776d4a4f39869f229082036f9481dae6109b3,11514785,6887
20230922,http://data.gdeltproject.org/events/20230922.export.CSV.zip,9e4c99c14a002b6d56e8522aba78ee7bacdaa0e2e29e89881708a6619eb19b6b,10687045,5344
20230923,http://data.gdeltproject.org/events/20230923.export.CSV.zip,45d7956565236a4e921c92ddca8b1918b557c513a3c86362dfb7c122df1c801f,6192236,3509
20230924,http://data.gdeltproject.org/events/20230924.export.CSV.zip,5992b3052231e46e556262afb8ede998a00ed78e14d10627dc9708af243f31d6,5222971,3050
20230925,http://data.gdeltproject.org/events/20230925.export.CSV.zip,29dfec01ae2af3ec26ebcebbd99e8326d04c2982a0e0c9143e8e73d8210830a3,9277829,4541
20230926,http://data.gdeltproject.org/events/20230926.export.CSV.zip,8ec9b7667c69b3c303ff90e68bba034017992ec123c1e39dc8a0ac61141859db,10901837,5438
20230927,http://data.gdeltproject.org/events/20230927.export.CSV.zip,573e0619948fe46b0d10de2d608a2f327be2b87fc05e59cfa8ad19f7e559a72a,10906810,4264
20230928,http://data.gdeltproject.org/events/20230928.export.CSV.zip,7a48191a8e94eb307df4ea3afbd455a16d11c1495016be4d78edd4915bd8c8ed,10737319,4469
20230929,http://data.gdeltproject.org/events/20230929.export.CSV.zip,a71ae34508335f2c24753da7a79976553ff6b88e61f611bb2a6525b5a25bedee,10096534,4171
20230930,http://data.gdeltproject.org/events/20230930.export.CSV.zip,fbb3e538501a06d42d585fc4ef17254ebd190f157e7b3cbaa714e8b7559d9d17,5832328,2876
20231001,http://data.gdeltproject.org/events/20231001.export.CSV.zip,9325ccb95c3f4c88688d39ea4927c695bcfa1a2c781351054e3a49dfe0486523,5090975,2462
20231002,http://data.gdeltproject.org/events/20231002.export.CSV.zip,134ef41b2ad40ca96e097274897cfaac6c0741f4dbf8fab665e91abe11c6931f,8456397,3532
20231003,http://data.gdeltproject.org/events/20231003.export.CSV.zip,84416fd168f8ecc642ff407dd732cc4145f54b5bae86df6dfa2b48897aa99040,10004939,3895
20231004,http://data.gdeltproject.org/events/20231004.export.CSV.zip,c60fa450a61520556e2cb03b9738aa086f3f251219808702c20e61620e25690b,10220568,3835
20231005,http://data.gdeltproject.org/events/20231005.export.CSV.zip,9b446f35ba40a511cd7d3d7cf5b722f0c7a8a14f63f2ecb7f6bdd7c1066eb1ad,10542969,4682
20231006,http://data.gdeltproject.org/events/20231006.export.CSV.zip,5fd7099d0b9eebae8a49cdb8d440647d7c9acfaa091dac1d9b62d743678f4d70,9923767,4923
20231007,http://data.gdeltproject.org/events/20231007.export.CSV.zip,35b969250f9a16370707028ba33683c6874cbadd68078bd11a7533b1de2540f8,6468364,2653
20231008,http://data.gdeltproject.org/events/20231008.export.CSV.zip,a5869dae7bcafd2ad330c56b0c3241ef1f9c97d21da60a683c27a5e3d6dea9e9,6009518,1675
20231009,http://data.gdeltproject.org/events/20231009.export.CSV.zip,899b75edc0e71a1512d5f8785a4dfc8b3e582ec9ab725f864b9b96fd451d2156,10096925,3086
20231010,http://data.gdeltproject.org/events/20231010.export.CSV.zip,8b1325a7b5384bdd95e170b2da94800c9b692cf4c87da12235935c94e626b0c2,11559157,3862
20231011,http://data.gdeltproject.org/events/20231011.export.CSV.zip,9d9818b8ed13c0f5287e65d40329f0467218034f364eecd795e965309892501c,12227224,3838
20231012,http://data.gdeltproject.org/events/20231012.export.CSV.zip,e90047de218975f0f8a2962d0ed5dfa10f49686cb92135b02d9aaa50874087a3,12153268,3780
20231013,http://data.gdeltproject.org/events/20231013.export.CSV.zip,972339ba60dffd08794e386169d323633899bafe7268468f4aa63bdc8d61a9e3,11467878,3936
20231014,http://data.gdeltproject.org/events/20231014.export.CSV.zip,63f522cb1d787b20f11a62f545eb804be4b2e2e6a9c5b33b2ba740cccec9ddf0,6773705,2329
20231015,http://data.gdeltproject.org/events/20231015.export.CSV.zip,472a79ab6a8e56494f2d566c7970aee60d52c9e41b16d1165cb835edd49f1877,6035815,2013
20231016,http://data.gdeltproject.org/events/20231016.export.CSV.zip,f3c21f005ad534b48eb475e4e81c4f50c8de2d462330ad24413fd941ed425b60,10264539,4162
20231017,http://data.gdeltproject.org/events/20231017.export.CSV.zip,846980b610d6deaf5c591dbfa342842ad1de9e75bd61e1831525e3363f9005e0,11341447,4925
20231018,http://data.gdeltproject.org/events/20231018.export.CSV.zip,64c1c7b65d09af6151c595ee6daf455baf01e8c4c0b4bac6800d226cfb37f961,12200244,4407
20231019,http://data.gdeltproject.org/events/20231019.export.CSV.zip,66c46c7003d8846456ec26cfbf69ae9c3f6d9e6bd2d9861fa6633da5f7c827e2,11886727,4254
20231020,http://data.gdeltproject.org/events/20231020.export.CSV.zip,4c53aa4e027f8dc341616a282bf646261d06c175a9fe80a9cef25699953c07f7,10982743,3484
20231021,http://data.gdeltproject.org/events/20231021.export.CSV.zip,6f97cb3762dbf6d246860b07f8530001e344b4098b165fe815a31afc1a371255,6352832,2051
20231022,http://data.gdeltproject.org/events/20231022.export.CSV.zip,bbf9ef7d27d640592fec7a9acee3b1e581732490d6646f5d57b061dc5d84e8f8,5330429,1705
20231023,http://data.gdeltproject.org/events/20231023.export.CSV.zip,bff4157020b489b27a510d4f2d6dca8506ce748b8f7f4d03c0fa0037bb24f61b,9748988,3043
20231024,http://data.gdeltproject.org/events/20231024.export.CSV.zip,40338765528623975ee50af0d471f54b9ebc0d93ef7bccf08119da7044caa052,10837026,3575
20231025,http://data.gdeltproject.org/events/20231025.export.CSV.zip,27594b65b9673f7701b878d69ef96e5146c1d365ba620eb561584929af4337fa,11130009,3084
20231026,http://data.gdeltproject.org/events/20231026.export.CSV.zip,996b4275a633b5d69082670cba1e0fe2548a9790f3b32e6491a0e6f43bffa02e,11464665,4132
20231027,http://data.gdeltproject.org/events/20231027.export.CSV.zip,7a91000e3ef09b67be2ffb9f3ca2c17fb5df8913425f3faafe545e9653ac90c0,10453371,3825
20231028,http://data.gdeltproject.org/events/20231028.export.CSV.zip,14bc95679f0db9a9cbebac8584852e9e95fadc810c9182ca8b887320fcf24573,6277165,2153
20231029,http://data.gdeltproject.org/events/20231029.export.CSV.zip,d9696b392556b79c747e41d982051ede1e16c56745d95bbf7a60e7670bf5f875,5390031,1985
20231030,http://data.gdeltproject.org/events/20231030.export.CSV.zip,624c8616b99b45c7c8dad6a8d1ab810b372d703feea788955965a86d60f247d7,9645884,4598
20231031,http://data.gdeltproject.org/events/20231031.export.CSV.zip,1054051301d019e2d610efcd27c0260c3b55c23da5168dd2d53b6ef0f86e1ddb,10784117,4308
20231101,http://data.gdeltproject.org/events/20231101.export.CSV.zip,0aa689146980cfcd1dd18561a5cdc2ddf9fd46451a8d3149f785ca776dae9552,11034695,3677
20231102,http://data.gdeltproject.org/events/20231102.export.CSV.zip,bbe64bcc30a2168f42fc32d6f0d1fd8321483c88ef17e40ec60560d3235c5738,10994032,3399
20231103,http://data.gdeltproject.org/events/20231103.export.CSV.zip,bee6806f65ce30eccf6023a7cf0083ce5209f197484c718ff6fbac74e1cdbc17,10633145,3414
20231104,http://data.gdeltproject.org/events/20231104.export.CSV.zip,74bb997b492e7f3fc3b71c05c94ee5c943d9febafc2f194d3a02db42b68a589b,6536896,2181
20231105,http://data.gdeltproject.org/events/20231105.export.CSV.zip,2cb628936977e0e8d416f7e0f8b55b4c4b60ce7915f8e37eca08defc4816ee07,5577494,1797
20231106,http://data.gdeltproject.org/events/20231106.export.CSV.zip,053bebc119475aa982c8291b35d5e362ebe38ae8fb639b583bbeaaa97814058b,9363038,2668
20231107,http://data.gdeltproject.org/events/20231107.export.CSV.zip,1f2337105a7436a6412a9d79f326218987f2bff3530ce2631921845e0c91fa0b,10556638,3013
20231108,http://data.gdeltproject.org/events/20231108.export.CSV.zip,99c9aefe94fd07d559a2ebbdc63538fa0eb494a0c3516b3d198d143d878922c6,10853876,3739
20231109,http://data.gdeltproject.org/events/20231109.export.CSV.zip,ab3bb418fb4327d8152bc91cdceec1884da4e0e89e508a89e7f23b8d504cd7c7,11405007,3760
20231110,http://data.gdeltproject.org/events/20231110.export.CSV.zip,797b734d0499da6e873f84528043036e15c168d1f8ec6a7f6bc88a1111bf52e0,10454123,3259
20231111,http://data.gdeltproject.org/events/20231111.export.CSV.zip,5dee641c32e5ace92263c2e5f91ad20e799c181ffb2f25e9a99075f92dc12f30,6213803,2252
20231112,http://data.gdeltproject.org/events/20231112.export.CSV.zip,c493b71884e97ed824397d74314c0ceeaa57d91c0f52596ba19eb4efb2470b91,5153764,1828
20231113,http://data.gdeltproject.org/events/20231113.export.CSV.zip,8116ec00e0c9719102c87e91ba84ae0883d51fd485bb29fd212a900ee33591e1,8812884,2877
20231114,http://data.gdeltproject.org/events/20231114.export.CSV.zip,cbcfd03a01fdd14488d996bc8b510366fcd2b3ee5178287ce9d13e186960086c,10411951,3472
20231115,http://data.gdeltproject.org/events/20231115.export.CSV.zip,e16ee9db4df61a2dcae827b437c4f039441b1131c3c670990ace2ae97e0ad00b,10784767,3448
20231116,http://data.gdeltproject.org/events/20231116.export.CSV.zip,21abb4d07138342fe203c8b3b6abcb0f6e756d396f65dea3a02ff70d837fdaf9,10923712,3547
20231117,http://data.gdeltproject.org/events/20231117.export.CSV.zip,dc186f01646eedac273f7f19ca7c64e667b8e6d1d57bf5358a9a683ecb1ca557,10222732,3333
20231118,http://data.gdeltproject.org/events/20231118.export.CSV.zip,ae0b2de9d56e8ef2862a5b140aad5cfd3c414574da9f2a6931b699312f7a4891,6090331,1883
20231119,http://data.gdeltproject.org/events/20231119.export.CSV.zip,055933e02c2bb13ac2320b3566efb3f0248b4ca77ac151cbcb529f3231771ba7,4982608,1792
20231120,http://data.gdeltproject.org/events/20231120.export.CSV.zip,75324d24d771efe6b825a972143cbbb450b607371f471f3457ff1b243ea9f230,8661257,2839
20231121,http://data.gdeltproject.org/events/20231121.export.CSV.zip,fb8865d7e0f1cd587f4be2a2ede9208bc3cd1d953caa9edec3eb6b07f14f0a7d,10144304,3310
20231122,http://data.gdeltproject.org/events/20231122.export.CSV.zip,494c3cc429f441cf6e7b8d4f52f4b50ec569dc672e431cb90e657eb014e9a4bb,10161645,3386
20231123,http://data.gdeltproject.org/events/20231123.export.CSV.zip,af63a2b0e728cc1b5ad667cce69e070e7d4e809cb56e365780673ffa8a5f90a6,8090656,3316
20231124,http://data.gdeltproject.org/events/20231124.export.CSV.zip,497b17fe48cabc3dc934a77a18956566862aa3818e428ac4fadbdd71142bc059,7782727,2643
20231125,http://data.gdeltproject.org/events/20231125.export.CSV.zip,12392e4da7479c3e73add9e77f00d7e0f8b40dedc77bbd537dda30e1f1186509,5138409,1796
20231126,http://data.gdeltproject.org/events/20231126.export.CSV.zip,28ab3832015d2de5d5c981402fbf30dbf92bf87699a987ec394c5e812f39bacd,4904328,1943
20231127,http://data.gdeltproject.org/events/20231127.export.CSV.zip,2e9dcb0ed4fcad639a1e65f6c28226efa35691ed62cb76f6db3ff52b41ae6bf9,8724804,2717
20231128,http://data.gdeltproject.org/events/20231128.export.CSV.zip,2cb3226e48d1669163164691d2f2db56f403d6d8a641f0b381babacfc71ab8c9,10116790,3410
20231129,http://data.gdeltproject.org/events/20231129.export.CSV.zip,df9cddc26188f9dcefe50a1cc4bee09e83bd401c68be8117384651123c43754e,10180113,3715
20231130,http://data.gdeltproject.org/events/20231130.export.CSV.zip,f5361c7204949cad6397667656603aca018ce359842d436749f1a11ed819b0eb,10081846,3616
20231201,http://data.gdeltproject.org/events/20231201.export.CSV.zip,bfb985655b023f074b6997f17fbbc6de10ebe47b44cdb53b13eef5eae3407bbc,9727287,3070
20231202,http://data.gdeltproject.org/events/20231202.export.CSV.zip,7cc6dc3008368354fe5e76cca912329e513dbcb0864da83bf6bd1849a0a02557,5761920,1772
20231203,http://data.gdeltproject.org/events/20231203.export.CSV.zip,3e43fa4587bff3caa4f328a064e082391e518b51216bd5378f784f0cc08e670f,4951053,1769
20231204,http://data.gdeltproject.org/events/20231204.export.CSV.zip,e852df5dc4636473dc0d8c94801a71cb41e884df00d62d479b66f48865fc8e82,8473254,2560
20231205,http://data.gdeltproject.org/events/20231205.export.CSV.zip,e1073423ef2723a3922d163f7d995c81ccb91984b715a953587fbcaa36af042c,9938924,3196
20231206,http://data.gdeltproject.org/events/20231206.export.CSV.zip,fc0d3acc0a5cde20b002ec8a0e551c451704e0643c2644c861e9eff45f83f6a4,10350653,4329
20231207,http://data.gdeltproject.org/events/20231207.export.CSV.zip,9789bc47b7e95931716131e10d4e84a09b35ea83efe9060fe672e92ee0cb3039,10759198,4119
20231208,http://data.gdeltproject.org/events/20231208.export.CSV.zip,07caf9a74833f696f172519f8ef7d156b76891a2035cd338eecfcacbc01e127b,9648465,3247
20231209,http://data.gdeltproject.org/events/20231209.export.CSV.zip,c5dd629684c58dd80ff48e502f2918594e66088ca4736dcfd8b2b16e2973bba3,5950372,2195
20231210,http://data.gdeltproject.org/events/20231210.export.CSV.zip,3f6eb458ab116b0af0851c6ba5885d78cb9010bb5c2c815d0f470eb91812ec59,5090743,1960
20231211,http://data.gdeltproject.org/events/20231211.export.CSV.zip,64382c3c8a31109b103789b9060c581c751317400d612b670467903eb741da7d,8897671,3283
20231212,http://data.gdeltproject.org/events/20231212.export.CSV.zip,7b10e1fd7c200f32a18aa1ba2e837a9cb38fc41dab6bce0fafb72998f194e455,10080604,3673
20231213,http://data.gdeltproject.org/events/20231213.export.CSV.zip,e5e8e45570cbd0b89db908344a762f18af3c797cf6edb487d5af104a4f77552d,10087864,3575
20231214,http://data.gdeltproject.org/events/20231214.export.CSV.zip,ed663b9f240f4f6a957e0b5af50abaa5df93cd2323d74bf6c9af71e8baca342e,10244509,3481
20231215,http://data.gdeltproject.org/events/20231215.export.CSV.zip,aedd43e26c7326da5df1332c6ab2a77f4da28323ab9caf13b29481e9f35db1bd,9679233,3096
20231216,http://data.gdeltproject.org/events/20231216.export.CSV.zip,b515b246ad7f816a9f1fe62fc9bf0238b1f76cf67c46d2872f413677d5786947,5693654,1914
20231217,http://data.gdeltproject.org/events/20231217.export.CSV.zip,dd16cd20cd0c0f89f31eac83f9fccaec79c5068951a28747ea981cdcb0fd06b1,4730579,1724
20231218,http://data.gdeltproject.org/events/20231218.export.CSV.zip,28371326d7202027c451fcbca7d8f290a8cf89ddef5a5663f1987f308e5b74d8,8409522,2789
20231219,http://data.gdeltproject.org/events/20231219.export.CSV.zip,b8702a83d7adba89bc3536363d36a8239dae8ea46441ddb02099f2c39bbe01d7,9371268,2972
20231220,http://data.gdeltproject.org/events/20231220.export.CSV.zip,95cbdd2aa3f8b4b3eae6714c076ca3d33cda44c3a41da6f2d3ebed9f3099d47e,9419660,3143
20231221,http://data.gdeltproject.org/events/20231221.export.CSV.zip,fafb15f7b4f0a2f090bea9bd5df2d655b8310d1db55d37ab7564bc81f788d861,9136084,3074
20231222,http://data.gdeltproject.org/events/20231222.export.CSV.zip,d71e12ecd34f144adba2a5560d0e9b5594c72ff373ea7b2e01e85ef2dda78c79,8102931,3123
20231223,http://data.gdeltproject.org/events/20231223.export.CSV.zip,4e11eb4ad5c630101a4d218a57aee46164b066c6583a893e35cc0dc038377ecd,4847203,2162
20231224,http://data.gdeltproject.org/events/20231224.export.CSV.zip,7f6f3a9fd0906f72116bd5b00b6c169c16a343281306b2f80cca6e4e06229fe3,3834248,1562
20231225,http://data.gdeltproject.org/events/20231225.export.CSV.zip,e25974a6e22e3ed6f14cf1822ffbc8c0de45226606ccec8ee2bb27de5a46526c,3990654,2526
20231226,http://data.gdeltproject.org/events/20231226.export.CSV.zip,2bdcb101cbb11246234e7ca5ccb334394d0c2b2bececaf4621afbf09bb725ceb,5507254,3456
20231227,http://data.gdeltproject.org/events/20231227.export.CSV.zip,505face6ac68a9a5d98c30868a26f6652f40cbf4a0f4e500e2a40876ea391895,6888768,3333
20231228,http://data.gdeltproject.org/events/20231228.export.CSV.zip,de02268b72c2cb11663925f043e6b5d89cef27fdf8d9cc089955e09786c174a5,7167594,3359
20231229,http://data.gdeltproject.org/events/20231229.export.CSV.zip,0d36459f6fbd9e5c8e984c462ea78f808f05854715432fdf123fd6d8f4d8ddce,6918640,3426
20231230,http://data.gdeltproject.org/events/20231230.export.CSV.zip,00f3ac2bce0fd5637c13562a14639c52a507ad466d0514f46764ab00997b8bb3,4620556,2653
20231231,http://data.gdeltproject.org/events/20231231.export.CSV.zip,da4308dcfb3b3bc2d7edb543e8b1ea0c8f384bdc0bbf10dd12b9f9390b2343e2,4032391,2405
20240101,http://data.gdeltproject.org/events/20240101.export.CSV.zip,acfdeb6faaa2f18c835f1c65453177fe8ef40a9886f3d02a21f898af6561a677,4109762,1788
20240102,http://data.gdeltproject.org/events/20240102.export.CSV.zip,3182f73038ce3f8a77506a69e20f13aa8724ef98f764b876cfd91c5775be7a53,6837543,2813
20240103,http://data.gdeltproject.org/events/20240103.export.CSV.zip,9da00a0a9c4a1eb6cf450c81057f350a60d739e33915cdabe52d11b6c0370346,8056677,2549
20240104,http://data.gdeltproject.org/events/20240104.export.CSV.zip,5d2df2bb8daf0c9e476d5cddf29414719e4f818ff8655e8c2221b9fbc63957fa,8811180,2590
20240105,http://data.gdeltproject.org/events/20240105.export.CSV.zip,46fae1f4525409d6c396b82c1d5adf61cfea2f248d4378a0f3c1d24b20f3543b,8461232,2628
20240106,http://data.gdeltproject.org/events/20240106.export.CSV.zip,34a8dae75dd3d4f00e417de118949afd04822d6d46d89720bc7b2333e215635c,5415739,1799
20240107,http://data.gdeltproject.org/events/20240107.export.CSV.zip,8151ed64c74ad3ecd0984e6aa3028cb2fdaec36a3e4f74f1b5a39e99c36360f2,4565179,1261
20240108,http://data.gdeltproject.org/events/20240108.export.CSV.zip,b142f557a43b40ad57c99119b23548725daf00a4ad930c9be455f116b6dd6974,8047193,2150
20240109,http://data.gdeltproject.org/events/20240109.export.CSV.zip,b9f56e644a4e36ece2fec7416f35a677e86066465add1dd319ecb94838bea82f,9265797,2739
20240110,http://data.gdeltproject.org/events/20240110.export.CSV.zip,ce3a87bad118955cb082689aa8270a75006a6c4162fafd53ce8d507c6341ad80,9472360,2725
20240111,http://data.gdeltproject.org/events/20240111.export.CSV.zip,32e446a3a0f83ab3012250a45452bf068c18aa8b2459ea3396a594f4b557534a,10038324,3032
20240112,http://data.gdeltproject.org/events/20240112.export.CSV.zip,706866d425056c7f9730b9f76ac19740a3f7e95ecd24a1243e85a3a2563ad9b9,9648524,2964
20240113,http://data.gdeltproject.org/events/20240113.export.CSV.zip,0d2bf80cad88abbf07b4d16a0925d722334459438f2cedd8630de1e10358a3c4,5704614,1755
20240114,http://data.gdeltproject.org/events/20240114.export.CSV.zip,e2fc615cc402519a1e0786e2bbfb83bcc373647b82e6ddbf74a06fc1daedc82a,4927540,1498
20240115,http://data.gdeltproject.org/events/20240115.export.CSV.zip,10a22b82e6eda83d9b1f500b6d8aac4abd174a7ffe022c91549f3b1678ecc390,7781842,2813
20240116,http://data.gdeltproject.org/events/20240116.export.CSV.zip,a37b6e0b25af091192c98b74bf5b07747bea9ffbf156552732ca01ef99c8ecb5,9177165,2786
20240117,http://data.gdeltproject.org/events/20240117.export.CSV.zip,44b282ed2fd1fbdb10c49d00d3215e72706146caaf5ed40ae373e49c730079d2,9958873,3176
20240118,http://data.gdeltproject.org/events/20240118.export.CSV.zip,65c9572abce6456ec1101bc2c01fdfd2ee8313c68dd3ddd2c5e958e7e9083e3a,10231106,3350
20240119,http://data.gdeltproject.org/events/20240119.export.CSV.zip,1846c95cb0dc2ac0a49cd59607ce2263682020325ffdaa8f58ac42ddfb5ca6ae,9278350,3423
20240120,http://data.gdeltproject.org/events/20240120.export.CSV.zip,ef78306c56038add320b917413704187a4c8254e52227a4b0fb8a2ff2bbebb3b,5557058,1944
20240121,http://data.gdeltproject.org/events/20240121.export.CSV.zip,e0933765255065537976d369ed580152e20ab905ba01cd4e746b19f1f3649cde,4702186,2166
20240122,http://data.gdeltproject.org/events/20240122.export.CSV.zip,d2ef8b360afe2f5bd5be1b70e3a8fb3b4cfdf33f7bef500db748218d8e36f540,8213032,3142
20240123,http://data.gdeltproject.org/events/20240123.export.CSV.zip,aff5c365d302328540be4ac59b66fdc3732b1ec7ac95422e37bc922d0c21f00c,9693431,3470
20240124,http://data.gdeltproject.org/events/20240124.export.CSV.zip,a1e4fb6f16690766adac564e1d6c2862c2d433b7dee54d38149db1ff41d8df6c,9881209,3748
20240125,http://data.gdeltproject.org/events/20240125.export.CSV.zip,6c653024212aa6194622ba903d93ab17737aef8aadd4dc5c8cdf2ce7678fe682,10186586,4579
20240126,http://data.gdeltproject.org/events/20240126.export.CSV.zip,ebafc9585ae47d29f6ab7f1f47ee26edf56622884645256a8d9026677f9eefb5,9364939,4178
20240127,http://data.gdeltproject.org/events/20240127.export.CSV.zip,9fd146e0c15e41a13297954511639be8faede350bbcee95a6b4d86a8349f2618,5870825,1982
20240128,http://data.gdeltproject.org/events/20240128.export.CSV.zip,188f053de7a6ef67b4c892ab7a3215775987fe30dfcaecef58da762ec6a78713,4886265,1594
20240129,http://data.gdeltproject.org/events/20240129.export.CSV.zip,572c62e4d8ac51871272ba299ce70c11a0af44fe6cd1efdc4752d676b9f0d1b2,9061607,2953
20240130,http://data.gdeltproject.org/events/20240130.export.CSV.zip,488d70fd1e43d760152cbe9786728c171ab817e7a8a194d7eeab4fca487cf393,10100504,2751
20240131,http://data.gdeltproject.org/events/20240131.export.CSV.zip,db862044ae0b79cc750cc203e690284a643d17d7d3359d74803fef1fc470f512,10191590,3423
20240201,http://data.gdeltproject.org/events/20240201.export.CSV.zip,a59215cffd9ba378e660f6bbe9679bbcf6a22233ccc6bdcb63f7b56d7d804b42,10232459,3369
20240202,http://data.gdeltproject.org/events/20240202.export.CSV.zip,4ab0ab3452d50933b35a95880e7779f46de0037ba17483fa337eb02fcb66ce10,9247114,2774
20240203,http://data.gdeltproject.org/events/20240203.export.CSV.zip,ddffd92ee92ad5fb200fab733896d590de31bb1d0491fd69d4a3dc353b4da359,5762350,1761
20240204,http://data.gdeltproject.org/events/20240204.export.CSV.zip,fb8a5bf0c9ff6b013406589e48c34ca82d0c1ada5ccdf696e7c1754a40ea5c06,4788518,1913
20240205,http://data.gdeltproject.org/events/20240205.export.CSV.zip,07ba85941204677c472c36792f3f99911e80eae766ca0051336f0c784dc47efd,8513626,2988
20240206,http://data.gdeltproject.org/events/20240206.export.CSV.zip,bcf2afffd0f66cfb0b319429c5a65c7e1468abd307bc9b20d0bbd6956e1374df,10023402,3185
20240207,http://data.gdeltproject.org/events/20240207.export.CSV.zip,471393494f836b8dd56ef7cc3d25d795b2566b8e97f1bfe643bb8aa01e6be280,10482124,3576
20240208,http://data.gdeltproject.org/events/20240208.export.CSV.zip,230ae076dfa0ac7eeffe97975a9d7a6f6b556e246ac37d8622ec50527aeb492b,10374184,3637
20240209,http://data.gdeltproject.org/events/20240209.export.CSV.zip,bf374202111cd5c3abbd9a56176ee2d375a68660785555ea6ab821d642e5274d,9523748,3972
20240210,http://data.gdeltproject.org/events/20240210.export.CSV.zip,d0b4d70a5de883adad0fff31956877640f0b68573d715e5c5af57cb8c612bd17,5698623,2037
20240211,http://data.gdeltproject.org/events/20240211.export.CSV.zip,37c9aef2eeb3e0eed07b47cb58e38d278ad8359e1ad81ddc7ed25c2eb7264977,4801310,2414
20240212,http://data.gdeltproject.org/events/20240212.export.CSV.zip,a6d049123ce9df4c372d9cb7fc59d0c9bb058b9f65d4239df2fbf84019309f77,8479478,3458
20240213,http://data.gdeltproject.org/events/20240213.export.CSV.zip,a7355fc140b7ec13b2455c18b2300d4966a8de647a02c3416f65eb6dbffbca9d,9849241,3862
20240214,http://data.gdeltproject.org/events/20240214.export.CSV.zip,69ff92adc8ed6af6802489295bebb596485b36d80addbff17f4fef8c9274992d,9996118,4105
20240215,http://data.gdeltproject.org/events/20240215.export.CSV.zip,749109f0b393845f0306209c79bf57c4d651bc1aa57bcf42788e699fb134deb8,10236796,4714
20240216,http://data.gdeltproject.org/events/20240216.export.CSV.zip,1925ccf8f0b256a2360eab815055afba324331ded7caf079789f0bdacfa25093,10015226,7944
20240217,http://data.gdeltproject.org/events/20240217.export.CSV.zip,ccb0cc0a1ffc3847c41c67edcba764bb0b7db1639ef6d407f12742e2fc203a5c,6112278,5792
20240218,http://data.gdeltproject.org/events/20240218.export.CSV.zip,06e9b9c6ecb8b168d8330d190a6a5ee4962c7d33ea7997eb1f0caea87c5eacb9,4972608,4297
20240219,http://data.gdeltproject.org/events/20240219.export.CSV.zip,e0416ffb2b77924ab72527cbc84603728ac5d9276d33deb054c73f2fc887d3c9,8407713,6538
20240220,http://data.gdeltproject.org/events/20240220.export.CSV.zip,ff609a756bbc9a89097c7a99db26a96291b3b6ec4449663ba2680a2c5b3c1225,10174795,7221
20240221,http://data.gdeltproject.org/events/20240221.export.CSV.zip,94655a23f2a6b506701f87c8e61f35c37a53dc5ef54db770c7895db35da75021,10687056,7158
20240222,http://data.gdeltproject.org/events/20240222.export.CSV.zip,ca01ef25352d94abcca84ed3a681cf72b7ea3d3075133b0317c943b56fc3127d,10542359,6009
20240223,http://data.gdeltproject.org/events/20240223.export.CSV.zip,c6066c416c9365852bbf3d248d8189186daad78d526d40f5f272662e44efabd0,10120626,6300
20240224,http://data.gdeltproject.org/events/20240224.export.CSV.zip,68935c4d53eecbd3945420f7017cdaa9f186054c662d8469dbcff5fa93de981f,6304279,5466
20240225,http://data.gdeltproject.org/events/20240225.export.CSV.zip,49f528b1eb604b4af3145544e064426514361c5f8ce676cff1db7914c2d62878,5044267,3679
20240226,http://data.gdeltproject.org/events/20240226.export.CSV.zip,f086acf73a668b4656e7ca5fda256777b07d55ecfae92912e21b54fb52eee032,9292360,4822
20240227,http://data.gdeltproject.org/events/20240227.export.CSV.zip,491dda861cead9436b7b71d9d7a79dcd00fdeae3bf6806991dae354b34ded9b3,10773674,5145
20240228,http://data.gdeltproject.org/events/20240228.export.CSV.zip,ffd779baf8dd850d27ef7109ad5fa48429c6c5b9786c929ac92cb2118b45848c,11027314,5258
20240229,http://data.gdeltproject.org/events/20240229.export.CSV.zip,ec5ce233b3c6c8224307672c6174c7dc9ac47014d6acd3efc2ac5bfa7115a735,10829898,4540
20240301,http://data.gdeltproject.org/events/20240301.export.CSV.zip,1817f85c736b4a4901c4fb8220adceba76c7580dc86b8975ede93dfaba426aa5,10375975,4549
20240302,http://data.gdeltproject.org/events/20240302.export.CSV.zip,723ae448be1d1910dcb64bf1fc7b41816d4f0bb874ae03dc59f653e0a43d1e9a,5908095,2821
20240303,http://data.gdeltproject.org/events/20240303.export.CSV.zip,1a6f7dfd2031d75aa127f061c771739f93284957a8ca82e801ac4cc148a2437b,5000006,2204
20240304,http://data.gdeltproject.org/events/20240304.export.CSV.zip,d528334ef25fcda99a1ba12bcb19fbdea114151b208cf7d5d97816eccf42d345,8972637,4105
20240305,http://data.gdeltproject.org/events/20240305.export.CSV.zip,ecc4cfed5c1ffd76008fda1a45e554a333d0801d1214fae449d895e2e4ab7293,10613349,4339
20240306,http://data.gdeltproject.org/events/20240306.export.CSV.zip,a99c05b2c83901b98ce049057fd96f8f99b574c7db5abf054dfe2eae6bd03b41,11228073,4641
20240307,http://data.gdeltproject.org/events/20240307.export.CSV.zip,3cd5a6209b83b8ce85076b0ef0585ba8fc50528d5ddea5b106e04800aa27527e,11004431,4462
20240308,http://data.gdeltproject.org/events/20240308.export.CSV.zip,8a32892141720994bf953a8d8a47b155c72ae42e62cc6a0a8cd2bd005ebfa06d,10039277,4103
20240309,http://data.gdeltproject.org/events/20240309.export.CSV.zip,0552ac6b55daa31220c210e087848298606d5009222303fd1a0852b618f375e9,5909197,2909
20240310,http://data.gdeltproject.org/events/20240310.export.CSV.zip,3704aac790562fd58e3522d599a0e0d2eed5edff17f2be150fe9770215908fcd,4928653,2277
20240311,http://data.gdeltproject.org/events/20240311.export.CSV.zip,39b61cb24eb9c898bfb4248299595853a8ed82072d9b75a722bfdbbb76cf69fb,8895588,3707
20240312,http://data.gdeltproject.org/events/20240312.export.CSV.zip,fe3c830fb4351f359a843d9229f61fd5ee1f5346124c13ddc9c77ad561852ad8,10489395,4621
20240313,http://data.gdeltproject.org/events/20240313.export.CSV.zip,6d356f23f34d4d608c1670acea01c603f5895d19338646f69b7743d1b670ae22,10255746,4473
20240314,http://data.gdeltproject.org/events/20240314.export.CSV.zip,22d42062cd96af5f15083c26441f6d22f0c929440f6536d6fb061b1077b57f2a,10421378,4596
20240315,http://data.gdeltproject.org/events/20240315.export.CSV.zip,7a136a44a2313e6d67521e1687520db42d82e0f19ca78ab7f8d37108265bfeba,9848499,4306
20240316,http://data.gdeltproject.org/events/20240316.export.CSV.zip,fce707f63ce1540bfb62a88cb5fcfc50511bd19b9ad7bca0ac4501b0a86e4e01,5634893,2897
20240317,http://data.gdeltproject.org/events/20240317.export.CSV.zip,38f1b247c4bf05534265124ee70eda84df231bccc0b7abfb2a8b6253821074d9,4942972,3604
20240318,http://data.gdeltproject.org/events/20240318.export.CSV.zip,eb2baf90a899a25b509881b615de12a3cfcd93046896da4ef70b72ad38621763,8952712,4468
20240319,http://data.gdeltproject.org/events/20240319.export.CSV.zip,fbfe528f338d00e5e78cef86b79169f774b7b356f6ed07d6659f817ea9549555,10420033,4261
20240320,http://data.gdeltproject.org/events/20240320.export.CSV.zip,c3dac22e35012fe158f377c300b998d1a16c576ac163f8ce0e8370633ba86fa5,10721010,3796
20240321,http://data.gdeltproject.org/events/20240321.export.CSV.zip,576059b11aeda98a4765ca9e5a5d7ad7744b4323cb736cb189021a189c9e9ca2,10616787,3950
20240322,http://data.gdeltproject.org/events/20240322.export.CSV.zip,d0b1d94916fc456a0a62dd3c86b9739f68fff2f5abee4b77bbd22c0104b590bf,9907419,4910
20240323,http://data.gdeltproject.org/events/20240323.export.CSV.zip,ef12430da089dcf894613a8b48889a417f460a79027669fb1aa1f2c462723ca9,5730669,5572
20240324,http://data.gdeltproject.org/events/20240324.export.CSV.zip,2a91e7e70fc0e1300380fab8c66f561e59868f1e415efba57ef6dcc33da5b5a3,4999610,4277
20240325,http://data.gdeltproject.org/events/20240325.export.CSV.zip,005a2e5ec8717dc4a418d9341f7a15015982b805e50dae734e1abbcbe4784280,8915984,5597
20240326,http://data.gdeltproject.org/events/20240326.export.CSV.zip,e7b1209896f4e9120233c1749d698a98704020a5725d85a879cab85103761a5a,10202845,5036
20240327,http://data.gdeltproject.org/events/20240327.export.CSV.zip,5645a2e2eab8426c0189af39bedd063c032358f8eddef7be01627bfcd13d83c6,10088519,4233
20240328,http://data.gdeltproject.org/events/20240328.export.CSV.zip,2e7a5c170a1d44dbfebf4f384dd9d5a854dc8bb35ec9c5514cf62b056ead6a55,9887749,3939
20240329,http://data.gdeltproject.org/events/20240329.export.CSV.zip,64525fbdbdb8f97157f8c7cf3fe8a4b2c89ea80585cb864a877c2e09d9eed8c2,8276846,4356
20240330,http://data.gdeltproject.org/events/20240330.export.CSV.zip,60d890dfa779f82ac2f9b308cbfaadf78c53b7bb46212de13f233af796285955,5074463,2396
20240331,http://data.gdeltproject.org/events/20240331.export.CSV.zip,385197967aa8c4f774bdda3ae82316160e575475aa811b8cda46ceb90b5cc444,4407323,1953
20240401,http://data.gdeltproject.org/events/20240401.export.CSV.zip,3fc280677a2e40cc97e6bbed94310c52952888653312994d85bbc9a081badb6f,7670546,3249
20240402,http://data.gdeltproject.org/events/20240402.export.CSV.zip,4419115f341db52ca304f0682e373b657f58d0713ad56474a79f2083d562c6f4,9877561,3667
20240403,http://data.gdeltproject.org/events/20240403.export.CSV.zip,f77147e05aff9cefdaab58667e89be89e76d821e65344b500b0be6554691dcd7,10079045,3502
20240404,http://data.gdeltproject.org/events/20240404.export.CSV.zip,691359c505b5d6137425644435bbaca93f2cc0dbcfceb922d0d24398ae63219b,10017339,3835
20240405,http://data.gdeltproject.org/events/20240405.export.CSV.zip,4aabca923a9638a3711479734ce1eec3f592b6e83975e031e132cd8f7d37f55f,9319032,3294
20240406,http://data.gdeltproject.org/events/20240406.export.CSV.zip,5063a6913b85aab3683c6f852e74b428fb8d2d174b883cb4a85fc3dc58a9ec4b,5436849,1993
20240407,http://data.gdeltproject.org/events/20240407.export.CSV.zip,a49a59ff71d4147b7e827bf0e4036bae2517d6ebe9b3d64f81bce6e9c91ea386,4968492,2252
20240408,http://data.gdeltproject.org/events/20240408.export.CSV.zip,9c0c82bd7ebc5a6bd0bfde36109c1c3c2283d7be243d6f1ce06318bb40b0ec09,8671293,3222
20240409,http://data.gdeltproject.org/events/20240409.export.CSV.zip,5e7d1ceaa6e171f14d79846955d3087a2b3a0fc5671b6aab50e8430d6a629e31,9834838,3544
20240410,http://data.gdeltproject.org/events/20240410.export.CSV.zip,ecf925cc496fd4c4ebbb887c21657a75bbc0d4a7f23501bfa7e2e8eea8d396c4,9793979,3730
20240411,http://data.gdeltproject.org/events/20240411.export.CSV.zip,dbf106fbed7f4afeea59ec403e513c2a8ce41bf3dfccb6655ca42ee4ff4d396a,9638133,3926
20240412,http://data.gdeltproject.org/events/20240412.export.CSV.zip,a8ed99a9c7f8017c240f6b08849946f118661be1c99838786ecc3f4b5c596299,9390544,3721
20240413,http://data.gdeltproject.org/events/20240413.export.CSV.zip,2a811dd0757e294589d63b593f05b7358aacc40a1cef05a9a35009f4619d192d,5594526,2296
20240414,http://data.gdeltproject.org/events/20240414.export.CSV.zip,434c0ba18ebd4d411788e9dc23826aebba6ed81c60fa3de1325b159b80b18f2e,5430463,1714
20240415,http://data.gdeltproject.org/events/20240415.export.CSV.zip,c9834cca264f7d3931496481cbb02ac886d00fa83ff0b044b80f9da46852e0b9,8791751,2413
20240416,http://data.gdeltproject.org/events/20240416.export.CSV.zip,f7fc377e951a082826a05f2656c7d97f6785a562d5903bd2fdbf4d7b023893f3,9745041,2850
20240417,http://data.gdeltproject.org/events/20240417.export.CSV.zip,636eb14bde5654d384aa444f3f3ef461052d319b165fb6cf824ce7a9e2f0769e,10049809,3376
20240418,http://data.gdeltproject.org/events/20240418.export.CSV.zip,2ece86e4e7b480619ab45307a910b3c7a759338cae172071b0c58f4af418e9c0,9965042,3461
20240419,http://data.gdeltproject.org/events/20240419.export.CSV.zip,7e69ad20785ebe297e19fb0ceb3ec0d4ead9ba51cf94bc24120d48f6fdaf294b,9435101,3351
20240420,http://data.gdeltproject.org/events/20240420.export.CSV.zip,f404ab7fe541e52f9d9a9baeee90c3af51aae1b666b24954e9d29da896b988cf,5708517,2555
20240421,http://data.gdeltproject.org/events/20240421.export.CSV.zip,3825dabd23d267ba5c9f22e2c3d70cf7153f00b0fc10f8cef871394e5545b0f0,4743602,2024
20240422,http://data.gdeltproject.org/events/20240422.export.CSV.zip,2385585461414c1dc31a2f844979a7f317ce3d6470015eff30d173c04b993d82,8918062,3037
20240423,http://data.gdeltproject.org/events/20240423.export.CSV.zip,f896a137a870773b5bb469d5e0219879c6271573a17028a0c9d3ee3a028d6c42,9904770,3513
20240424,http://data.gdeltproject.org/events/20240424.export.CSV.zip,5978b007161ffaef3ecd9cc25bb5134b1b34e4ca609aeb6e50cf6e043bd0e764,10331949,3622
20240425,http://data.gdeltproject.org/events/20240425.export.CSV.zip,3f78a09d8d9c326ba4160f3d051b7d97cf082cbc9b9b1a3b8e4923e81f923128,10442206,3196
20240426,http://data.gdeltproject.org/events/20240426.export.CSV.zip,9c47407f1e99d10c3cdffc0dae110dc890e64bde4c8c89f55e717bad1d460df3,9683306,3232
20240427,http://data.gdeltproject.org/events/20240427.export.CSV.zip,a574087c154b3a0f9c22cbe9055635e7d4beb073bf6a6fe462283f2de99ddc42,5660151,2275
20240428,http://data.gdeltproject.org/events/20240428.export.CSV.zip,6485fd2f84c7aa516e882e33a7a8c2c78b5a98bb7c93b33a74c6e1f8e056a179,4967335,2010
20240429,http://data.gdeltproject.org/events/20240429.export.CSV.zip,3fdab16658a15bb4b9c03da5660bb7a3f9201f75e88fd050901e2fa141e2051d,8922533,2927
20240430,http://data.gdeltproject.org/events/20240430.export.CSV.zip,a88f3898920cdc4408486585c93af727f69f7cd7e047a03ba7ba49d7493bc2f3,9775094,3039
20240501,http://data.gdeltproject.org/events/20240501.export.CSV.zip,f5ebbb361b52dabdc6a18b0be18f42d0919f8e8083bc55a399673e84433778bf,9605934,2735
20240502,http://data.gdeltproject.org/events/20240502.export.CSV.zip,d0baef0ea319408e6c3dc6ceea1342af0a20635466f6a2d8b80cde28b2a94c73,9925874,3407
20240503,http://data.gdeltproject.org/events/20240503.export.CSV.zip,dc9e5add38eecf90a2e05841e0b851c7f68336f50400f085f6bc1836271309bb,9481625,3649
20240504,http://data.gdeltproject.org/events/20240504.export.CSV.zip,681fd13e50fea851f84811d2c2df80c8931e2155103bb3ee3aaccab5c6b8fb35,5685717,1929
20240505,http://data.gdeltproject.org/events/20240505.export.CSV.zip,bddeeddd6e8059c2aeb47b7aa9ba44bd80ad150db98421bf77a75775b49ba3bf,4839657,1962
20240506,http://data.gdeltproject.org/events/20240506.export.CSV.zip,1e447837f702684dbb17a4ce70a2f66c69fc8206e215cd0ee90e0f35f18a09ae,8667214,3373
20240507,http://data.gdeltproject.org/events/20240507.export.CSV.zip,c19635de95321eb274ab37cca1c62c811b7366e71d5e7d14d5c302fe3b341fb1,9928418,4384
20240508,http://data.gdeltproject.org/events/20240508.export.CSV.zip,9f00cb94b537ceb526bdf0196a09b2f058998fecf48c750c77e19412730d123c,10107215,3644
20240509,http://data.gdeltproject.org/events/20240509.export.CSV.zip,bd99ac306f99b7d5c1c30eb2dfeadabd799ac4c7aa9bf1a81ebed2554727f1fb,9854465,3260
20240510,http://data.gdeltproject.org/events/20240510.export.CSV.zip,267b5ad7e5351bde73b531ab63d39db01ed90698a5041d1223ec1e775a15c599,9156689,2922
20240511,http://data.gdeltproject.org/events/20240511.export.CSV.zip,a4e321a2bfb9fdbf825fbcd244179c2c2e29a4f599c07cdc492e9cea70ccb66b,5377635,1993
20240512,http://data.gdeltproject.org/events/20240512.export.CSV.zip,5522ad0516051fb299d07d02500d7c9594cfc2a8dfd02b3c214502ef4cbbe5f7,4463166,2108
20240513,http://data.gdeltproject.org/events/20240513.export.CSV.zip,d4a8c088915c70c574f4f8a6e1bc7d15caa6913b6760de15a38abcb6301ca047,8432702,3441
20240514,http://data.gdeltproject.org/events/20240514.export.CSV.zip,8b850e064a2dd41cc3dd46fcd128c20807276b2634bd3cdb23e9107486a3dcf0,9725860,4161
20240515,http://data.gdeltproject.org/events/20240515.export.CSV.zip,9d500043cb2efcc2e7a36b3d7814ce9f818089c8fa86c299f5aad70e7236d6d4,10308474,4558
20240516,http://data.gdeltproject.org/events/20240516.export.CSV.zip,d4719252ff7b3f03de08c737b57a24d49a754a420021c92ee95610b752ba5a76,10234735,4327
20240517,http://data.gdeltproject.org/events/20240517.export.CSV.zip,9a26038be44964ac6f7ab84bfc9135be613ca47669f58ce40b01f1a491d1c630,9421853,3686
20240518,http://data.gdeltproject.org/events/20240518.export.CSV.zip,9677ea40dc81a7b9de0017ed97ae717d6d0d270cb99901eede3a80ae1c76692b,5593743,2377
20240519,http://data.gdeltproject.org/events/20240519.export.CSV.zip,86fe4b0fec3de1ca12793d18bd6681fc1478a90b173eb8def91fddcc87c66757,4693467,1976
20240520,http://data.gdeltproject.org/events/20240520.export.CSV.zip,7504299437e2dd3082a66db3d729a2a2309209e2c8644a8c09953856da081e80,8797766,3102
20240521,http://data.gdeltproject.org/events/20240521.export.CSV.zip,71d07f267dc9c8841cf93577b7cc21040c8cf3c31dd115441bc50fa4b158c1e3,9825565,3579
20240522,http://data.gdeltproject.org/events/20240522.export.CSV.zip,280c371bb8b7dbf114e7205a7aee5928909d667396293e241e22eab90541ee58,10109627,3595
20240523,http://data.gdeltproject.org/events/20240523.export.CSV.zip,c4a18a80da9dd9c4676c96c2ddabf823417c5507cc37aee71ecb59eb73918134,9761136,3517
20240524,http://data.gdeltproject.org/events/20240524.export.CSV.zip,9a1b681c1def6ee832f7bfab8838ccdcd3c868ffd2359f6be9c4c07cd73e39b7,9145169,3696
20240525,http://data.gdeltproject.org/events/20240525.export.CSV.zip,3ba2f74c372d4bdf9cb1367654333f5c824185537f436d429eac245965c83539,5439494,2188
20240526,http://data.gdeltproject.org/events/20240526.export.CSV.zip,fa6be7c27701a7f4bfbe9ae288f5973e2fad4703b2df5a4c6520689e88d7d3a3,4541822,1989
20240527,http://data.gdeltproject.org/events/20240527.export.CSV.zip,ff7eeea43aa63fe3e72320996d7d694cec878caf663206c6a72a79033464a81a,7020083,2697
20240528,http://data.gdeltproject.org/events/20240528.export.CSV.zip,3feac6a820bfc7f060f3306c8f5cb84f5ad6abb49b702f70626fea26ef576737,8994466,2932
20240529,http://data.gdeltproject.org/events/20240529.export.CSV.zip,3574cce1db28e66605fef585e67c35b75c50bfc4a54f47a5f259657ea5f9144f,9681122,2804
20240530,http://data.gdeltproject.org/events/20240530.export.CSV.zip,c75dd7bec9fb57a1650932c1c7a943cde400707376fcd995ea5e507549d3abdf,9702456,3269
20240531,http://data.gdeltproject.org/events/20240531.export.CSV.zip,9271a4ac90a3b10e99d6e96e14863b00044ee6765b6c6f1055c95557f5ac3da2,9801658,4043
20240601,http://data.gdeltproject.org/events/20240601.export.CSV.zip,acdf9ccf0685f7f07c75b16feb350a9e3d9826436b0cb0926eb8feddc83f35c4,5631890,2188
20240602,http://data.gdeltproject.org/events/20240602.export.CSV.zip,2c8f872f2fa7a09d50477a6cf5bb37d1894c486686999838bf76f9ca0cfb971f,4589158,1986
20240603,http://data.gdeltproject.org/events/20240603.export.CSV.zip,c8a36643afdc00ceb5899577ee2a6c982ecb082a18099b4292f36ae991ab0378,8287017,2837
20240604,http://data.gdeltproject.org/events/20240604.export.CSV.zip,cd8078ba5a91ef06cef5f8fbd83c34bc9c3a48d7ca0fdc755e6ba1c781b85418,9214500,2597
20240605,http://data.gdeltproject.org/events/20240605.export.CSV.zip,da368a4cb031a06b40dbbcd103f786b9bcbd58aa2838adb7e6ff8fb554ed4e8f,9733254,3334
20240606,http://data.gdeltproject.org/events/20240606.export.CSV.zip,f518815600fc8217f262a26ef78da89a89b9c7192c4edbb5a77954717417d785,10113614,4135
20240607,http://data.gdeltproject.org/events/20240607.export.CSV.zip,4bcf5daf2a6f84559e369fa74befb15c35dceb1bacd47f1681753d9bbec7061a,9129837,4016
20240608,http://data.gdeltproject.org/events/20240608.export.CSV.zip,16e37392c935b00573c449629506cdefd402676961e3411aa43461993fdb4af6,5396465,2251
20240609,http://data.gdeltproject.org/events/20240609.export.CSV.zip,de8964df2d8bc96efaf57123db8845f16d45d460f18630d8366f94ec3c527d23,4646850,2004
20240610,http://data.gdeltproject.org/events/20240610.export.CSV.zip,a79d9429ed7d60f18a1ff3e35f44327cf9ba9806fee874108e9a3a4fcf50be4e,8110224,2922
20240611,http://data.gdeltproject.org/events/20240611.export.CSV.zip,6ba4ecd895992e3a965bd9b7e3a1bf800da29be9f3538b929b752c599c8051aa,9419674,3476
20240612,http://data.gdeltproject.org/events/20240612.export.CSV.zip,d180ea7aed2e0631ba632c01f5e530a47d8a77996be02e9e57b110e4662d3c51,9499511,3993
20240613,http://data.gdeltproject.org/events/20240613.export.CSV.zip,2242299b78ccd4d6646dd76e90044a545af1dddf15edf69a98aaa39efd4f2c70,9808299,4654
20240614,http://data.gdeltproject.org/events/20240614.export.CSV.zip,508f25681718653d19a988a6f9ea75b954d25411d3395a7732aed7f366562028,9149705,4284
20240615,http://data.gdeltproject.org/events/20240615.export.CSV.zip,f1bf91c416d49f8d21ba8aa73d227926afe89c08ccf1be975acbfde1948334f0,6265413,4337
20240616,http://data.gdeltproject.org/events/20240616.export.CSV.zip,684e4ac103d951d8ac0e0845506723b96cfcc4c40d2089ff0e2a535205054159,5259241,3753
20240617,http://data.gdeltproject.org/events/20240617.export.CSV.zip,4fe4b23ce0e0885ef9930c93525390908db7d5de0e75bb6f1093e5d5e775b858,8382871,4545
20240618,http://data.gdeltproject.org/events/20240618.export.CSV.zip,11ca5f9a3f4743aeb31aabd62b7b552f93fd0ecb8ff00e642bc8d6ffe480ab98,8689013,3886
20240619,http://data.gdeltproject.org/events/20240619.export.CSV.zip,5e4a01f6a5d57d2a8191040817dfd6318080c3ab5d56df72a88cde177a54a417,8770639,3773
20240620,http://data.gdeltproject.org/events/20240620.export.CSV.zip,f6c418c28eb9a0bf23f0288263e42cc6150a310514eedf08ac798ce215e33c6e,8984274,4333
20240621,http://data.gdeltproject.org/events/20240621.export.CSV.zip,6b0016415ee7a0faeaebb41864f84dfecbfb04db9c35fe47b95ae7d2c43099d1,8855797,4044
20240622,http://data.gdeltproject.org/events/20240622.export.CSV.zip,45d5187c6c4440c3f7f463dd2512ac7c8c4dfb2ceb64252a9986a71f4042417f,5067254,2244
20240623,http://data.gdeltproject.org/events/20240623.export.CSV.zip,4dec934ec4b8b853a45dc385b37d8a0c3dc5ad563fc6f273a17306cb6c455383,4476348,2534
20240624,http://data.gdeltproject.org/events/20240624.export.CSV.zip,fe85af44cfd02b3c0d08c80105554139d8dd696a638d64cd4b203bdc13a57d14,8183443,4958
20240625,http://data.gdeltproject.org/events/20240625.export.CSV.zip,e61dd4685bfdbbe16b57b699fd857355660629fef929dc654d3600997398555c,9594791,4568
20240626,http://data.gdeltproject.org/events/20240626.export.CSV.zip,1b5d493382223fcb96280d129c923c138947a0c2028fbb3240307c3a1f90936e,9677829,4460
20240627,http://data.gdeltproject.org/events/20240627.export.CSV.zip,1f7294e221af44cfa98815adca6ec2da4d3efb5417f0dadfd96066fdb9eb17c7,9448730,3387
20240628,http://data.gdeltproject.org/events/20240628.export.CSV.zip,4c5741fba51e3300562943ee38fda23b0cb2917e3c50e025b5d3f2829bc1c93f,8697438,3134
20240629,http://data.gdeltproject.org/events/20240629.export.CSV.zip,d295588ba7e2a06ae9996e5a564b9a1c7ed2b2d6ac43616ab820862272b87a47,4839022,1775
20240630,http://data.gdeltproject.org/events/20240630.export.CSV.zip,ca0dabfb81a9ab9537f8beaf370fddf5a9e295d39f501470fb38acc89ecde3db,4217404,1643
20240701,http://data.gdeltproject.org/events/20240701.export.CSV.zip,03e44bcff7a4a4949b3d162108c0d614c8b1f925b0438b9c33c2d3913817d56e,7682515,2541
20240702,http://data.gdeltproject.org/events/20240702.export.CSV.zip,ba9deddd93e9b174e7e12f28ee967a066e59fc4c2200aa3dd120bb315cbafe06,8783059,2665
20240703,http://data.gdeltproject.org/events/20240703.export.CSV.zip,4325654041b7731db12a10a850b6159a631c5b0e5ef1efecbb0accb88732107a,9100404,3678
20240704,http://data.gdeltproject.org/events/20240704.export.CSV.zip,d61a29a5c0ddaace046b2275e10d5a40a363f73773ab116dfd1db07eb706ee93,7643388,3222
20240705,http://data.gdeltproject.org/events/20240705.export.CSV.zip,3c5ceb56bbb69f14968a7b90390a42873df8bd563e0aaab725c20c3b016caead,7733480,3355
20240706,http://data.gdeltproject.org/events/20240706.export.CSV.zip,b37e93f5784a6635d33a8f251c18b8dc756eb3816f5f25768cf6d890863f3210,4665226,1696
20240707,http://data.gdeltproject.org/events/20240707.export.CSV.zip,3b29ea0ee0b5b5ad1f5bf1052e74040b2b9e2316a2976ecfe2a1c7084e8bf571,4174298,1923
20240708,http://data.gdeltproject.org/events/20240708.export.CSV.zip,2c150d83051e5367657fd2b0f58543bcc628b0ee92ae0472aba9f55fcee882ac,8142575,4804
20240709,http://data.gdeltproject.org/events/20240709.export.CSV.zip,9f67bd0ccaabdf21c88fe5b9b70d960155855465f7bee27904204750f4a36193,8962251,5874
20240710,http://data.gdeltproject.org/events/20240710.export.CSV.zip,0738e490deebe47106e3e6eda890b22bc2de34e9636dd1639a556e1d97177305,9213719,4640
20240711,http://data.gdeltproject.org/events/20240711.export.CSV.zip,c51c7b10afcd23a4c76107c71a78c4fe846a20549421cc23dafc55acc5b20c72,9400193,4529
20240712,http://data.gdeltproject.org/events/20240712.export.CSV.zip,842fb38bd4c693b9d9d17af479c0528fb14f2e2338fc8b30d70e9c1602ce8036,8587757,4220
20240713,http://data.gdeltproject.org/events/20240713.export.CSV.zip,566412b3979afbe758c528c1d89ca55f4b1b424d73346613d479b6d77e382f0d,5021796,2233
20240714,http://data.gdeltproject.org/events/20240714.export.CSV.zip,fe33526bba2449d7936725a3f1b7f8eea796834e0312f447b0227213d1d8986f,4683421,1722
20240715,http://data.gdeltproject.org/events/20240715.export.CSV.zip,81d27c0c209e9ae4b9dc08371a4b74345b61cf8b2f4ec2f5b029be6001522864,7835555,2956
20240716,http://data.gdeltproject.org/events/20240716.export.CSV.zip,bcac3dfe3dd7ca682234b1ff6d6c0f64e37106ce6217d62dcedf24fd3d635348,9023170,2954
20240717,http://data.gdeltproject.org/events/20240717.export.CSV.zip,1c8be7a379d3207ee5494c7fef67b16af23de6c73b390a6779566e6e6a564fa4,9318620,3238
20240718,http://data.gdeltproject.org/events/20240718.export.CSV.zip,c94f18314709f71edc8ec79b1dd4dffd7330964355ceedd03cf76622129ff1a9,9120204,3213
20240719,http://data.gdeltproject.org/events/20240719.export.CSV.zip,615313d8309194260f53aba881252a23ec442fc30d47257eab36365912d88111,8788434,4207
20240720,http://data.gdeltproject.org/events/20240720.export.CSV.zip,a214668e2fa20e52ee44d67a80c29cc3098d7727053f2b636b78c601c353b42f,5157701,2292
20240721,http://data.gdeltproject.org/events/20240721.export.CSV.zip,70b449be2b74520912445509b07eea30f52693818131a60c803294c33a58195c,4666338,1637
20240722,http://data.gdeltproject.org/events/20240722.export.CSV.zip,8653c0f5fe7e5e9504d319b4f770ff911b68da38e9d910784dbb3b400c879efa,8297861,2961
20240723,http://data.gdeltproject.org/events/20240723.export.CSV.zip,02b43a244b162c05728288cd713e512e10f2462f1dd2115e91a53a373248a92e,9045233,2891
20240724,http://data.gdeltproject.org/events/20240724.export.CSV.zip,6088cd80b0ac16954a4ec9b5116e4173485db90084dbcec2d53abc7239ace0ac,9232841,3062
20240725,http://data.gdeltproject.org/events/20240725.export.CSV.zip,ea192d947a72d53654d4a23d465b1e0b6b4a5c70e604fa8df6a1daf5614cd5ba,9186829,3264
20240726,http://data.gdeltproject.org/events/20240726.export.CSV.zip,8eeeafddcffb5564f9cd5cddd567a786bd9cfc0bf49929b404ab9acc20a3081b,8457074,2787
20240727,http://data.gdeltproject.org/events/20240727.export.CSV.zip,8d92c6eed7dc8a2d5c8850ac837b7116e1ad551e3dd4bfe9bf1cda43f289658f,4989727,1819
20240728,http://data.gdeltproject.org/events/20240728.export.CSV.zip,e7a29b7de0595aa2132772fb0c08743438bbd892c10d3bc7b906ffea7eec2c8e,4057596,1626
20240729,http://data.gdeltproject.org/events/20240729.export.CSV.zip,af7ffb311e5df43d98faba820c7636422136f10a5cb9eac9b6a43062f17f5d9f,7508521,2614
20240730,http://data.gdeltproject.org/events/20240730.export.CSV.zip,6e07558ff470fab713292907a356ac8ef8dbf20402b496f00be68df834dec686,8683037,2562
20240731,http://data.gdeltproject.org/events/20240731.export.CSV.zip,538446432a7b8ced876be426a6f85ce010e96d612ffb0a559e4ce05ec3d15085,9111075,2414
20240801,http://data.gdeltproject.org/events/20240801.export.CSV.zip,b3a24a704bd943fe29736fd3a1ed50f54fb0993d14ba9e935b00db96f6525f0a,9505902,6267
20240802,http://data.gdeltproject.org/events/20240802.export.CSV.zip,bae705a84bb0a41ec40d2952a136f15d239010d4e58f6cdc676e1c31b1f2ab06,8602384,6484
20240803,http://data.gdeltproject.org/events/20240803.export.CSV.zip,c3006310878f0e8ddad0007f86ac6489af6b647ff75d819f907ad1c2f2d31279,4944732,2450
20240804,http://data.gdeltproject.org/events/20240804.export.CSV.zip,e9a53a24621bea616755ca9a98cd484fb4b712d2395cb824a8e3019cf178b59c,4307318,1798
20240805,http://data.gdeltproject.org/events/20240805.export.CSV.zip,5e49e4e0f71ef5faa0fe751a59979bb0575292e86c7198930d3b2f7852465f67,7801493,2626
20240806,http://data.gdeltproject.org/events/20240806.export.CSV.zip,b24bc2eb652f23657124609207c5afa05585dbda0d258a7bde79c420508c05ab,8880887,3016
20240807,http://data.gdeltproject.org/events/20240807.export.CSV.zip,c080cba950b1d708d19dde9fda07fa7ede148ad6ae597b397a412eec8d3ee50f,9053821,3097
20240808,http://data.gdeltproject.org/events/20240808.export.CSV.zip,4bb945e7af6882e73a282f5379c0fa12a5d8e5b1102d26c6f0b5bf42e4e32524,8860022,3545
20240809,http://data.gdeltproject.org/events/20240809.export.CSV.zip,56431f0f4afd3831ccf15a01e36034dc340199dcf5a4e25feecef935c813b0a2,8340904,3590
20240810,http://data.gdeltproject.org/events/20240810.export.CSV.zip,a592f5b535ac0cbdda9459134cd44dc233087ec079b7f132123d11257ee36e74,5554373,2293
20240811,http://data.gdeltproject.org/events/20240811.export.CSV.zip,04182fb5ba5f4c8dd779e451813cb6243377e93109bb36e85fc4662ad2779bc3,4205307,2176
20240812,http://data.gdeltproject.org/events/20240812.export.CSV.zip,9b552e77d7936684eeeec33c23aed24379ab4a6f588caaf13a62154f64ad95bb,7521284,3572
20240813,http://data.gdeltproject.org/events/20240813.export.CSV.zip,16e63ff18fa1e81f23b0aafa949dde8d72713ee8809f4f875009edfbc583daca,8631032,3778
20240814,http://data.gdeltproject.org/events/20240814.export.CSV.zip,be0c7027ac4071377bde4148754e6e029979fc02dd0410fa1bb32ffb6d4d9d11,8958043,4215
20240815,http://data.gdeltproject.org/events/20240815.export.CSV.zip,47a5c080b7537857af83b4510974a168407bc49c8d96b3d66e08435ee1f93214,8955122,4501
20240816,http://data.gdeltproject.org/events/20240816.export.CSV.zip,967f28e9f3ddd2d233749827f76d469074f749457f0565fb7a33a5af91fddaeb,8623664,3575
20240817,http://data.gdeltproject.org/events/20240817.export.CSV.zip,07ed893b4edfc2a37431c46a475d612ba8b806fda63a3f24ba2f148cea578300,5104821,2144
20240818,http://data.gdeltproject.org/events/20240818.export.CSV.zip,51a6c85dce8541b963dd1f94c5dbea4b25fd2a6e206c1d44f60b9ccd315ef1e6,4382224,2118
20240819,http://data.gdeltproject.org/events/20240819.export.CSV.zip,e2dac19c3440ef078fcdcad7ba8a291635d2d448ef463866de3750b4d1a1412b,7955790,4326
20240820,http://data.gdeltproject.org/events/20240820.export.CSV.zip,5784954b040f820462911a4c5882fca483b42cd8cd022a9a905bf80948c01bfa,9529054,4095
20240821,http://data.gdeltproject.org/events/20240821.export.CSV.zip,d32dee389d3296747b81f791085845fb09a446f0ad1582978f648042588bcdf3,9164583,3799
20240822,http://data.gdeltproject.org/events/20240822.export.CSV.zip,ffc959ea3a43f7c790c399ab4cecb4ae87d2e16978f2d57cb7cd72df9061d6f5,9308386,4103
20240823,http://data.gdeltproject.org/events/20240823.export.CSV.zip,1e5d212db90cc179190b6befd4ce93c2a92ddee767d6449ac560176950793b32,8580500,4438
20240824,http://data.gdeltproject.org/events/20240824.export.CSV.zip,b3e64d9c4918de5ee25a60381035e719437ad66e98e1abe4bd6c4b4526d71c65,5001813,2789
20240825,http://data.gdeltproject.org/events/20240825.export.CSV.zip,8a6bbc89fce97f4aae8784d3711f93b4a8f036f0f9ceaee76185eca6cb557504,4568344,2810
20240826,http://data.gdeltproject.org/events/20240826.export.CSV.zip,dcd3d932bea5778404afc05226ba705ae06a08a1cc1deea2f98bcc4d0b8e334f,7666883,4231
20240827,http://data.gdeltproject.org/events/20240827.export.CSV.zip,6bd8ba884a24b6d12fb94c92f43168283ab7d89ddf35f22f2c0d64c62def453a,9135734,4821
20240828,http://data.gdeltproject.org/events/20240828.export.CSV.zip,490a8108c33bc73282710f0db91cd7690778e65048210b4caec526bb39d0c126,9270423,3735
20240829,http://data.gdeltproject.org/events/20240829.export.CSV.zip,0e4aafd417b7bff4507fab068469e94f6e52528ed26d2d1c765cb543a763a3eb,9184252,3424
20240830,http://data.gdeltproject.org/events/20240830.export.CSV.zip,2e667dcf02250d500ab626e18919440695d141cc0dbe768ed6c9ee8fa80c1aca,8633026,3503
20240831,http://data.gdeltproject.org/events/20240831.export.CSV.zip,19304b19c2ba0ac6079eb8bbdee496aa2b47dd8d5a56857e40b879b9a69530e8,4836378,2015
20240901,http://data.gdeltproject.org/events/20240901.export.CSV.zip,7f35f573e554d364e53f01cdc24dc39c22ddb1d5ac646e240ccf375b3030f965,4377970,1881
20240902,http://data.gdeltproject.org/events/20240902.export.CSV.zip,3a8fce5a02cdec1ff6e0da1a7f58b53c5289916f474c2583d806948fefe6b66f,6608127,2433
20240903,http://data.gdeltproject.org/events/20240903.export.CSV.zip,05397050e2f2de68d7e1abb332b988691c668f73df8f487ed9c9388a592ec10b,8627911,3534
20240904,http://data.gdeltproject.org/events/20240904.export.CSV.zip,31e3031b727e0fd605ec6e317da4da4c77aee0d1fe6ebe141c99036b094bb92a,9640661,3996
20240905,http://data.gdeltproject.org/events/20240905.export.CSV.zip,0fc6780277a4cf904c3b587ac0eb907bfc4c87f745e506ff597ba651442e969b,9440882,3878
20240906,http://data.gdeltproject.org/events/20240906.export.CSV.zip,ae925c0a1d2c094953224afe6c1673638c4810a31729fe786ceffa78c3eff94b,9112607,3586
20240907,http://data.gdeltproject.org/events/20240907.export.CSV.zip,97f06226796a95efe37e2915f65ae06b00ca31e83eb05b1fccfc71304c4fd8fc,5346341,2273
20240908,http://data.gdeltproject.org/events/20240908.export.CSV.zip,dd1284116cac036e3f17671552cc3d2fcf4cbfc9b449b97ffa17d639d712ebda,4627873,2184
20240909,http://data.gdeltproject.org/events/20240909.export.CSV.zip,9dd774639b562483ea5ae59f6e361d3f6ed9361c1a563096480b102e9d01b8a7,8561750,3497
20240910,http://data.gdeltproject.org/events/20240910.export.CSV.zip,40d335f2abe0889261490961f5b119ea191ccf6769d9e9f799182e9edc883302,9487228,3880
20240911,http://data.gdeltproject.org/events/20240911.export.CSV.zip,806268abab233bce9e445d799edb0bdd92796c33b747a5dcd58e1c1c35446782,9942508,4085
20240912,http://data.gdeltproject.org/events/20240912.export.CSV.zip,41f29b4297c53322612e698f6407721b31731bb36961ffad61f832d7a6708ae7,9798444,4333
20240913,http://data.gdeltproject.org/events/20240913.export.CSV.zip,a8923c7c309eae92eb9297e9e7a834ebe491f4388b7e9695930ad6a6d489862b,9533021,5024
20240914,http://data.gdeltproject.org/events/20240914.export.CSV.zip,2b4cc6b95b84052d961d8beb8c92acca131fc99d5099aaed308e751b651b9db0,5308814,2528
20240915,http://data.gdeltproject.org/events/20240915.export.CSV.zip,94cdc17f060dc00b3ac68f5ca032883757620f07850f905899d4c933c32afeb1,4463647,2079
20240916,http://data.gdeltproject.org/events/20240916.export.CSV.zip,63aff56bf5f08d4955e1fbf8ae6c10a905182dee7d2cb205a7cc3be55ec3caf3,7703307,3117
20240917,http://data.gdeltproject.org/events/20240917.export.CSV.zip,65b72ec08e9f76bbe20f763d1665d7987c863afc1db5947e757feaf30b673ea4,8788928,3196
20240918,http://data.gdeltproject.org/events/20240918.export.CSV.zip,3d381bf4d97f412a49d1c62c0c9b6309aea754df109c9a31a2c2289bb6e31f70,9460892,3692
20240919,http://data.gdeltproject.org/events/20240919.export.CSV.zip,bcb11e58eedeaa9febff4f5361d623d40502b3132bb790d18d57105a9d5101be,9481161,3047
20240920,http://data.gdeltproject.org/events/20240920.export.CSV.zip,b5f2aeb83d163fce96fc013366255767d1ad1d45e0a798622c80ee4b255ec307,8973374,2878
20240921,http://data.gdeltproject.org/events/20240921.export.CSV.zip,8447974084e5e0f9910825ce33eb24409c4c0e290f2eca9806c31f2c99d81cae,5424990,2102
20240922,http://data.gdeltproject.org/events/20240922.export.CSV.zip,d707cda0112cb83c1a6663ed83b617aaec339bfe14fa202cbb259d7104fa3f79,4559719,1790
20240923,http://data.gdeltproject.org/events/20240923.export.CSV.zip,bb214526cda1996d98bef734002dd5216901055fbafcc5ca6b9e549eb9a7e099,8273312,2774
20240924,http://data.gdeltproject.org/events/20240924.export.CSV.zip,5cacc8c7878eca9dd6db8d65b5fd216b52ebcf9cc321edd319b57ca200721723,9777170,3121
20240925,http://data.gdeltproject.org/events/20240925.export.CSV.zip,6bd6a2b8b5aa452cd224d12362c2cb1302bba8fffc2be2a3755bf09ce03263e9,9877473,3311
20240926,http://data.gdeltproject.org/events/20240926.export.CSV.zip,22ca527c645cb4b728fcf0532958840283861ff13aaafa7632a3f400122cda83,10092428,3522
20240927,http://data.gdeltproject.org/events/20240927.export.CSV.zip,a1593051ea9526c124ba7b7e7764bd58801bd7400fcfcba41f544204005ca97b,9537489,3464
20240928,http://data.gdeltproject.org/events/20240928.export.CSV.zip,8328dab2b2112fa27c668b04be253d9d8f6d782ba50c831ef17d86f8e953aad2,5635121,1732
20240929,http://data.gdeltproject.org/events/20240929.export.CSV.zip,1598b222d5fcd8a84aa0477ca5d24cd34d3d2893a042febf7969f7b3b5ad452a,4755839,1776
20240930,http://data.gdeltproject.org/events/20240930.export.CSV.zip,a78ce7c298cc006a23c16f318dc1b3b7fc19fa1db12cee7c2cb349db3c75d648,8339937,2539
20241001,http://data.gdeltproject.org/events/20241001.export.CSV.zip,7580f9edc6945b74a4757a6123883c477c19ee41beb4a03912bd3e2be27df641,9625139,2436
20241002,http://data.gdeltproject.org/events/20241002.export.CSV.zip,39f55ac7fbe094d91257ce23cbef7ce2d68d9b7754229a7e40018cf02546a9ec,9774278,2572
20241003,http://data.gdeltproject.org/events/20241003.export.CSV.zip,25c6f6bcc33ff992cf85decfbc0db9ffa58d2ddad690a46d8749d6ed28b80d80,9391806,2347
20241004,http://data.gdeltproject.org/events/20241004.export.CSV.zip,6d9a22c7ca5b50db5c2efa4ea8cef3b1e52dd052459c0f888cbd7db3aca8b709,9175008,2449
20241005,http://data.gdeltproject.org/events/20241005.export.CSV.zip,155cfc9e7dfaec0a6ec5f5252a97727838958a2e091fe648002c348121fc8929,5192489,1518
20241006,http://data.gdeltproject.org/events/20241006.export.CSV.zip,22bc503f2f0125814be8ddc3df093190128e491a9c06fcef8626532984e2e4d5,4718810,1406
20241007,http://data.gdeltproject.org/events/20241007.export.CSV.zip,925cdaec6123d2d5402371ba5da55fa8c5265c90dfa475c9aad0466f8ddc76f9,8708868,2894
20241008,http://data.gdeltproject.org/events/20241008.export.CSV.zip,386851de6398825852d6cf6e87c3e2ea88c7f5f15fda7058889036edc70212e2,9671523,3085
20241009,http://data.gdeltproject.org/events/20241009.export.CSV.zip,52b58ff707e0ea2e7c0e1f52a741aa725a912f67b9ba25a9f0f380fa17a8808d,9638173,2861
20241010,http://data.gdeltproject.org/events/20241010.export.CSV.zip,761e783210b9731d882d7b0e89659000190e7855136823dbc1ff29217488a32e,9379371,3223
20241011,http://data.gdeltproject.org/events/20241011.export.CSV.zip,dd9c43848cb4efc9d6080028e4db9ffa83b24008708d33e3849f7c724321276f,8866448,3418
20241012,http://data.gdeltproject.org/events/20241012.export.CSV.zip,69d8fab2c3f755974e6a322391838475c952deac9cdf801c19df158b60799a59,5122056,2089
20241013,http://data.gdeltproject.org/events/20241013.export.CSV.zip,8613e902ec0793e253dfd0811e70501e50b93219c318f816a4f595f5e3b91584,4467210,1483
20241014,http://data.gdeltproject.org/events/20241014.export.CSV.zip,d7b93ed7975f20e3872510646bfd0d6d3d10daab6b6160cfa9add0b1b68fa7dd,8070520,2762
20241015,http://data.gdeltproject.org/events/20241015.export.CSV.zip,27cfed0d6f1f3ba58e714841edff4b9b78389fcd30b431decfaf172539a1f467,9294898,2975
20241016,http://data.gdeltproject.org/events/20241016.export.CSV.zip,fff4b7206d7b97c367f706ce71096dec8b49d285c8d956675949c8230af1df0b,9812089,3300
20241017,http://data.gdeltproject.org/events/20241017.export.CSV.zip,98396f6dca32f935b15b342413b08da8b646cdd3054597389bf9043f35f2c5b0,9453926,3119
20241018,http://data.gdeltproject.org/events/20241018.export.CSV.zip,b185d7587b0b8769b7dbff3b4ee3c7b99b4f47745b6d1a851df3dfb6e0fd35ad,9107500,3694
20241019,http://data.gdeltproject.org/events/20241019.export.CSV.zip,374b8d8d8e5f3ca4035cab4d8c1125f27ec019690730081cf5f16cb6a29e20b8,5370415,2437
20241020,http://data.gdeltproject.org/events/20241020.export.CSV.zip,f04f05e5be9571b51ab7d35798f8724951d83087585f93c4e50a951d7018ab38,4475487,1891
20241021,http://data.gdeltproject.org/events/20241021.export.CSV.zip,4173d386473f59b8f7f14c7b0b942c16aa1a366c5743edadc604ec4a6a15c9dd,8423522,4011
20241022,http://data.gdeltproject.org/events/20241022.export.CSV.zip,7c6361d0a783b339cf83f5ebb780ce4c79e5b181f8ba700ff5d247b80581ca58,9537367,5041
20241023,http://data.gdeltproject.org/events/20241023.export.CSV.zip,c912eb1e60a556a76b6de24ecbb50629bc04f2cd2fd31732655b2fc46a019014,10014104,5105
20241024,http://data.gdeltproject.org/events/20241024.export.CSV.zip,27f3a75f1d01f6928c6599ab5ad9cd699d0f7a0d6e4fac4bdf8750b8e7ae0f03,9818384,4617
20241025,http://data.gdeltproject.org/events/20241025.export.CSV.zip,e1619ae9d2cca1a4e40d571b0669fdabc2012bc0e5559bb208812599e4c62bdf,9246207,4405
20241026,http://data.gdeltproject.org/events/20241026.export.CSV.zip,b600d5f5f8cdf807636cf46e86b71f84571e14650fed9f832600b8d162633bab,5449668,2305
20241027,http://data.gdeltproject.org/events/20241027.export.CSV.zip,5d34761b75ccbf2432526dfb60ec9cafe097aff7f983d7e399794be85457fb4d,4458851,1720
20241028,http://data.gdeltproject.org/events/20241028.export.CSV.zip,5f818e9aaa976e7b3c34b763a6b50f3b180863c2588ab6c8a072c9fca037147a,7943340,3125
20241029,http://data.gdeltproject.org/events/20241029.export.CSV.zip,d1424bf62170241cc8d603bc5db0c05d2aa11defee7dbabdaeb8494ec343a802,9062724,3436
20241030,http://data.gdeltproject.org/events/20241030.export.CSV.zip,8696119e4383ae7a656bc672773093a9518d38f19d248a5543870e86fa1233d4,9053827,3349
20241031,http://data.gdeltproject.org/events/20241031.export.CSV.zip,9413b94dd721177ef205b122519c426df3208f2c76aff4177e681089f82e3043,8726939,3253
20241101,http://data.gdeltproject.org/events/20241101.export.CSV.zip,2906820585e8b61b90e25defe807106d5bfb32cd73e3a299b77bb3c74324eb85,8699527,3549
20241102,http://data.gdeltproject.org/events/20241102.export.CSV.zip,e505a6b1d08bdd02356339e7fb43604e41bbee34bb40e9cde5aed8c9d09c641d,5008304,1937
20241103,http://data.gdeltproject.org/events/20241103.export.CSV.zip,7db62a827462c71a7e9f7b12647c86f1784bdbad2fe49eace08f40e867a2378d,4175907,1647
20241104,http://data.gdeltproject.org/events/20241104.export.CSV.zip,1f69099e19266dbc61d6899f70506b55dde915e0bb429a614c4788cf3761f0af,7924750,2842
20241105,http://data.gdeltproject.org/events/20241105.export.CSV.zip,f5d7151aea0890a68b7b765ac14002fcec09e4bc7206e7bc4d83cd67250393d6,8950830,3358
20241106,http://data.gdeltproject.org/events/20241106.export.CSV.zip,1a430666c53c5029beb401e5c12439ccc6cd5d75ed1cda88a38ec1c1dbda3367,9864638,3367
20241107,http://data.gdeltproject.org/events/20241107.export.CSV.zip,3ca4b39d2d06d268224b295cfdccfa4f8361e8103d18b728630e157739854179,9212694,3265
20241108,http://data.gdeltproject.org/events/20241108.export.CSV.zip,e0248c272f78a0203300d225a3832f25c309363b974fe59f1edf497efa2e2e20,8417503,2907
20241109,http://data.gdeltproject.org/events/20241109.export.CSV.zip,d8cd0f1cb3137791e52f239c37919bfaefb63f46bd80f378a844cfd0fecedcdf,5121758,1710
20241110,http://data.gdeltproject.org/events/20241110.export.CSV.zip,1860dab54b7218ecdccc0904fc2f86fb172f203dae3225d6a2f145e56e48fd71,4365946,1907
20241111,http://data.gdeltproject.org/events/20241111.export.CSV.zip,ea3f5b1cc258d3eb510e2c22204dca4ac40f7051bebbe2e27255e12becffdcc8,7657568,3462
20241112,http://data.gdeltproject.org/events/20241112.export.CSV.zip,714e8551cc53d42ad7e1efef8a3a479800ed50a8b1b77a4d5a3462f99bac001f,8962347,3148
20241113,http://data.gdeltproject.org/events/20241113.export.CSV.zip,4663ecc1c159aa239f6d43e2e3e0813c400e0c767a298f00d7b55cb1f3db5282,9510606,3086
20241114,http://data.gdeltproject.org/events/20241114.export.CSV.zip,20f67b141a75f34429a597a56791a5ef37aab63449cd11073bd2c3ff542f93de,9293730,3159
20241115,http://data.gdeltproject.org/events/20241115.export.CSV.zip,1ead0d4bef5c593f5cf8a745a41877a0a83b335f10c75bd799255aea730a8af0,8764555,3216
20241116,http://data.gdeltproject.org/events/20241116.export.CSV.zip,57d22c468dc00d9abad1e439fd94ba33e9e8f9a1e5ee96182c7d98926f6a8c90,5340680,2193
20241117,http://data.gdeltproject.org/events/20241117.export.CSV.zip,036a8fc69d8b41d1d93e1e22ef7887befe3c7a09f298ebc997441eea994adfe3,4443528,2525
20241118,http://data.gdeltproject.org/events/20241118.export.CSV.zip,770389215db69125d5fbce0297c316155b751bedfec406d94110fb64fce5e6c9,8077840,4482
20241119,http://data.gdeltproject.org/events/20241119.export.CSV.zip,48538e9a8e31ebc2ac6961d1ef971a10e0205c95781c39b4605fe33f58937f3b,9429483,4753
20241120,http://data.gdeltproject.org/events/20241120.export.CSV.zip,a70d9672a2fe94ca1871b9a66e524ef4ed054482d44f6fb958b7e5d84e584b05,9528149,4674
20241121,http://data.gdeltproject.org/events/20241121.export.CSV.zip,134110f8952a3d675535680cf5fe56d0086cefb22cc9984697949ff991cbeaee,9874230,4605
20241122,http://data.gdeltproject.org/events/20241122.export.CSV.zip,5d15584cb1c169a67f8d4fa4f1af65ebdf7b9e15b49c74b2d0fc3fb94b2eef7b,8959959,4343
20241123,http://data.gdeltproject.org/events/20241123.export.CSV.zip,b61b4a70927426656c50997cdfffea259c767ff174ccded06f4126a853ada6be,5267153,2426
20241124,http://data.gdeltproject.org/events/20241124.export.CSV.zip,4ff1643cda7902278ccd1122d21f17e4e1941045f521038fe16deb65d292a8bb,4322467,2365
20241125,http://data.gdeltproject.org/events/20241125.export.CSV.zip,0efae22ad7d051bf4a16cf8a09235f9e50230fdfd002c4844b0e1257d8cfb347,7954767,3491
20241126,http://data.gdeltproject.org/events/20241126.export.CSV.zip,54bf3a656c804677e208434a4104be8450b40b07662451f680253708fbc12b01,9071751,3575
20241127,http://data.gdeltproject.org/events/20241127.export.CSV.zip,ba8d41c1a52376b00e3bb0f3c65f1aa53d2cab8a3dd6c0b970a446101d6ecf3b,9038081,3111
20241128,http://data.gdeltproject.org/events/20241128.export.CSV.zip,accb122c640ccc436e099eb8ebb5e45e0729becfa2de7a75c497ebff5cf31d85,7473610,3391
20241129,http://data.gdeltproject.org/events/20241129.export.CSV.zip,138fb0a935d6ee9155db02683cebc6bc0e6d44bfc9b1213cc4576caa650943a8,6860550,3764
20241130,http://data.gdeltproject.org/events/20241130.export.CSV.zip,0b6fbb20084c667b94269dd68b9a0976f84c9ae10170bd9d3ee464f041fef1e1,5002695,2949
20241201,http://data.gdeltproject.org/events/20241201.export.CSV.zip,936c56560ea2fdeea4f4742d80ff8d5cb34dbc6d5fc83ffa2515af0eb93d7e0b,4762761,2666
20241202,http://data.gdeltproject.org/events/20241202.export.CSV.zip,43a2233481bda64d7dc9a4fe258da28cbf9292263ebfa9315fc1ab46834663cc,8343434,3786
20241203,http://data.gdeltproject.org/events/20241203.export.CSV.zip,84196ee3c5ac0c3df600df38b8cc14396e55e21cfefdd9af00005b57e1dacd64,9739364,3936
20241204,http://data.gdeltproject.org/events/20241204.export.CSV.zip,bccc2cafd205d0e27b7215280d26aa8a8b372be01e613fb89cdfc2428ec20b94,9681205,3512
20241205,http://data.gdeltproject.org/events/20241205.export.CSV.zip,cb459cf91c0a62ebe8522cf3e83d5b7ab0e3ab4e3f470aca381f5520fe6982fb,9546016,3802
20241206,http://data.gdeltproject.org/events/20241206.export.CSV.zip,cd131ed432a5f4ba6188e31ada2a3ed32d59aca171061d20c9cb775f2a36e0b0,9042965,3422
20241207,http://data.gdeltproject.org/events/20241207.export.CSV.zip,866b749535de8f735a3d486079050a17b9691b4a968bc49bc25f2560f103c224,5766489,2798
20241208,http://data.gdeltproject.org/events/20241208.export.CSV.zip,3bce6ddaea3e9a86c0f62d8a5a6e66139aca240087246c00b57465652ce84290,5093425,3738
20241209,http://data.gdeltproject.org/events/20241209.export.CSV.zip,aaf12b0814083b21e90e766f89fa9e6b1e3f253e11cfbb4c4732f06854718be1,8543619,4777
20241210,http://data.gdeltproject.org/events/20241210.export.CSV.zip,c8436d12552c5bca8e9f9935d18f61d64a4062d8161efe881643f612fd0cecdc,9728580,3828
20241211,http://data.gdeltproject.org/events/20241211.export.CSV.zip,359b0a3c94a94b19bc5beba7a33918cc1039cc3c7ca8191f47011d2101397e9c,9609461,3669
20241212,http://data.gdeltproject.org/events/20241212.export.CSV.zip,b02d20fd44bf1765f9f439a44ddba2e805ddf037a4f2c89ad44ae3d1c5e8f62b,9566872,3370
20241213,http://data.gdeltproject.org/events/20241213.export.CSV.zip,d74733bccc57d5ee2dc489bebbb3f9fdaad28d5786107bade8184f518a6f801f,8819437,3223
20241214,http://data.gdeltproject.org/events/20241214.export.CSV.zip,cfb8f83d277e88fc27753cf9c0e81e25a999aee2ed6e0d0bead881fd8c6e00a7,5346565,1891
20241215,http://data.gdeltproject.org/events/20241215.export.CSV.zip,93e256810f904b092594486767964ab7ef3d84816bd96b39581f9fe1fdb8c218,4487289,1682
20241216,http://data.gdeltproject.org/events/20241216.export.CSV.zip,513411e49451d25ce52aa0c7a7f941e19ebb4abe02e89f3ad4e3759cc5fd614b,8031652,2893
20241217,http://data.gdeltproject.org/events/20241217.export.CSV.zip,54cd6f22aa4b286477d90982304831858a5e0c3fb11eb033687f526873f88901,9283057,4369
20241218,http://data.gdeltproject.org/events/20241218.export.CSV.zip,4051af083115ce1bdc8c296d3da43d475ad7337506c2823bcf691a75a7b67062,9016374,3543
20241219,http://data.gdeltproject.org/events/20241219.export.CSV.zip,b747670c05970f9a2cdb535a13a6ab7cc054bb059ab46994d75753ad3ac4fdd6,9082568,3308
20241220,http://data.gdeltproject.org/events/20241220.export.CSV.zip,6b0236c984fea9d319f426e84d833c142a054b570c25803ac83c63f80a502cf3,8652685,3023
20241221,http://data.gdeltproject.org/events/20241221.export.CSV.zip,a05c2f3037e85fa640dd7664057d71848543603805e66207f6e4e8c38ab61609,5149239,1822
20241222,http://data.gdeltproject.org/events/20241222.export.CSV.zip,8a6cfb4c7035ee9db93ebc8065284e7a1f4ae77b6bd1d7451052a301279e7584,4032672,1434
20241223,http://data.gdeltproject.org/events/20241223.export.CSV.zip,dbc8ce2bd6fb513fcdbb936b98198ff57306cf4c091f434d814618db55be2c78,6641932,2917
20241224,http://data.gdeltproject.org/events/20241224.export.CSV.zip,3450c7d4d646dca3489340c7276d2dcfee688aeab83c4e295320758421493a19,6278788,2705
20241225,http://data.gdeltproject.org/events/20241225.export.CSV.zip,91bd5875fa907de6682e0558f4bf93331df44c9f81b9dd891325537bf7680ede,4101464,2265
20241226,http://data.gdeltproject.org/events/20241226.export.CSV.zip,0709474f23c6c0c783b9ef3d7ed84da4430c3a9d9e9f19d0c83e5aa580768344,5137530,3154
20241227,http://data.gdeltproject.org/events/20241227.export.CSV.zip,f5550648a4aa13c2561c014bc239961181e6dd40d5052d77bab8f60fd06d681b,5912527,3702
20241228,http://data.gdeltproject.org/events/20241228.export.CSV.zip,2eb91fc46bdafdbd29b1edcb8a08e6730cf59e23021adff4ec997bfc37fb93af,4256581,2668
20241229,http://data.gdeltproject.org/events/20241229.export.CSV.zip,b6a33f6d9e8d4d9e6ca7938763215316ecdc25a4e58eecfef6cd7eb4b4588536,3897984,2186
20241230,http://data.gdeltproject.org/events/20241230.export.CSV.zip,38ecaca1c15474fa47dfd61dfee8d6f29c3a6ab99fa28184eaf83fccfbd47045,6053157,2825
20241231,http://data.gdeltproject.org/events/20241231.export.CSV.zip,6014ad9a0fd0c5c351ce7e5c867cd206980ea564df42668d65085e3168f7f10e,6144460,2381
