published_at,type,scope,mo,geo,place,expected_sign,source_url,rule,EventCode,n_articles
2022-03-02,disaster,unmatched,,,"Moscow, Moskva, Russia",positive,https://www.autoevolution.com/news/chinese-cars-flood-russia-after-western-exit-but-there-are-impending-repercussions-211198.html,url,051,7
2022-04-22,disaster,unmatched,,,"Belgorod, Belgorodskaya Oblast', Russia",positive,https://www.nhregister.com/news/article/apartments-evacuated-after-explosive-found-in-17912413.php,url,072,296
2022-04-22,disaster,unmatched,,,"Belgorod, Belgorodskaya Oblast', Russia",positive,https://www.theweek.in/wire-updates/international/2023/04/22/fgn37-russia-explosive-ld-evacuation.html,url,072,24
2022-04-22,disaster,unmatched,,,"Belgorod, Belgorodskaya Oblast', Russia",positive,https://www.winnipegfreepress.com/world/2023/04/22/apartments-evacuated-after-explosive-found-in-russian-city,url,072,14
2023-01-05,disaster,unmatched,,,"Moscow, Moskva, Russia",positive,https://www.ndtv.com/world-news/airport-in-us-was-evacuated-as-murder-accused-had-to-use-toilet-3665848,url,173,6
2023-01-06,disaster,unmatched,,,"Moscow, Moskva, Russia",positive,https://www.dailystar.co.uk/news/world-news/entire-airport-evacuated-creepy-idaho-28887543,url,043,4
2023-01-09,disaster,unmatched,,,"Kremlin, Moskva, Russia",positive,https://www.rferl.org/a/pakistan-floods-climate-aid-conference/32215053.html,url,042,37
2023-01-12,disaster,unmatched,,,"Shatov, Khakasiya, Russia",positive,https://www.tellerreport.com/news/2023-01-12-more-than-150-residents-of-soledar-were-evacuated-to-shakhtyorsk.BkgrGxCa9s.html,url,043,10
2023-01-16,disaster,unmatched,,,"Moscow, Moskva, Russia",positive,https://punemirror.com/others/scitech/russia-to-evacuate-astronauts-from-iss-amidst-emergency/cid1673816256.htm,url,111,12
2023-01-27,disaster,unmatched,,,"Petersburg, Sankt-Peterburg, Russia",positive,https://www.abcactionnews.com/news/region-pinellas/donations-flood-in-to-help-family-living-in-u-haul-since-christmas,url,020,4
2023-01-31,disaster,unmatched,,,"Moscow, Moskva, Russia",positive,https://www.urdupoint.com/en/world/us-peace-corps-evacuates-volunteers-from-peru-1634561.html,url,071,6
2023-02-17,disaster,unmatched,,,"Artemovsk, Sverdlovskaya Oblast', Russia",positive,https://www.weeklyblitz.net/news/bakhmutovites-are-being-evacuated-before-they-become-russians-dos/,url,010,6
2023-02-18,disaster,unmatched,,,"Moscow, Moskva, Russia",positive,https://www.weeklyblitz.net/news/in-roskosmos-called-the-date-of-flooding-of-the-damaged-ship-progress-ms-21/,url,013,22
2023-02-24,disaster,unmatched,,,"Kirgiz-Miyaki, Bashkortostan, Russia",positive,https://www.weeklyblitz.net/news/in-voronezh-212-people-were-evacuated-due-to-a-fire-in-a-hotel/,url,166,6
2023-02-25,disaster,unmatched,,,"Moscow, Moskva, Russia",positive,http://www.seychellesnewsagency.com/articles/18260/Passengers+evacuated+following+bomb+threat+on+Aeroflot+plane+in+Seychelles,url,080,8
2023-02-27,disaster,unmatched,,,"Korsakov, Sakhalinskaya Oblast', Russia",positive,https://www.maritime-executive.com/article/methane-leaking-from-container-forces-crew-evacuation,url,042,10
2023-03-06,disaster,unmatched,,,"Bakhmut, Nizhegorodskaya Oblast', Russia",positive,https://news.yahoo.com/possible-deliver-ammunition-bakhmut-evacuate-205202064.html,url,192,9
2023-03-08,disaster,unmatched,,,"Kremlin, Moskva, Russia",positive,https://news.yahoo.com/sevastopol-occupation-head-evacuated-family-171000123.html,url,112,4
2023-03-09,disaster,unmatched,,,"Kremlin, Moskva, Russia",positive,https://www.kunc.org/npr-news/2023-03-09/from-tv-to-telegram-to-tiktok-moldova-is-being-flooded-with-russian-propaganda,url,110,295
2023-03-09,disaster,unmatched,,,"Kremlin, Moskva, Russia",positive,https://www.npr.org/2023/03/09/1162045645/from-tv-to-telegram-to-tiktok-moldova-is-being-flooded-with-russian-propaganda,url,112,1
2023-03-10,disaster,unmatched,,,"Kremlin, Moskva, Russia",positive,https://www.kosu.org/news/technology/2023-03-09/from-tv-to-telegram-to-tiktok-moldova-is-being-flooded-with-russian-propaganda,url,110,5
2023-03-17,disaster,unmatched,,,"Moscow, Moskva, Russia",positive,https://www.ibtimes.com/exclusive-russians-flood-kazakhstan-sanction-busting-requests-sources-3678006,url,061,24
2023-03-18,disaster,unmatched,,,"Moscow, Moskva, Russia",positive,https://news.yahoo.com/exclusive-russians-flood-kazakhstan-sanction-122200737.html,url,061,8
2023-03-24,disaster,unmatched,,,"Kremlin, Moskva, Russia",positive,https://bioprepwatch.com/bus-convoys-evacuated-russia-announces-ceasefire-for-mariupol/,url,112,6
2023-03-25,disaster,unmatched,,,"Moscow, Moskva, Russia",positive,https://bioprepwatch.com/escape-from-mariupol-russia-is-said-to-be-planning-a-new-evacuation-attempt/,url,0874,6
2023-03-26,disaster,unmatched,,,"Bakhmut, Nizhegorodskaya Oblast', Russia",positive,https://news.yahoo.com/public-utilities-workers-being-evacuated-194817417.html,url,160,1
2023-04-01,disaster,unmatched,,,"Moscow, Moskva, Russia",positive,https://bioprepwatch.com/city-council-1582-civilians-killed-mariupol-evacuation-fails-again/,url,010,8
2023-04-02,disaster,unmatched,,,"Moscow, Moskva, Russia",positive,https://timesofindia.indiatimes.com/world/europe/more-than-200-evacuated-from-russian-coal-mine/articleshow/99187093.cms,url,160,50
2023-04-02,disaster,unmatched,,,"Zverevo, Tverskaya Oblast', Russia",positive,https://www.gdnonline.com/Details/1228281/More-than-200-evacuated-from-Russian-coal-mine,url,160,20
2023-04-02,disaster,unmatched,,,"Rostov, Rostovskaya Oblast', Russia",positive,https://www.dailyexcelsior.com/over-200-miners-evacuated-from-coal-mine-in-russias-rostov-region-ministry/,url,010,8
2023-04-09,disaster,unmatched,,,"Belgorod, Belgorodskaya Oblast', Russia",positive,https://news.yahoo.com/evacuation-checklists-posted-settlements-russia-180700906.html,url,010,10
2023-04-20,disaster,unmatched,,,"Moscow, Moskva, Russia",positive,https://www.nysun.com/article/situation-in-sudan-has-america-setting-plans-to-evacuate-embassy-personnel,url,071,3
2023-04-22,disaster,unmatched,,,"Moscow, Moskva, Russia",positive,https://www.chronicleonline.com/news/national/apartments-evacuated-after-explosive-found-in-russian-city/article_831847f3-879c-5d0f-80e2-3e3a84152c8d.html,url,042,822
2023-04-22,disaster,unmatched,,,"Moscow, Moskva, Russia",positive,https://www.nbcnews.com/news/world/apartments-evacuated-explosive-found-site-russian-warplane-bombed-city-rcna80976,url,195,88
2023-04-22,disaster,unmatched,,,"Belgorod, Belgorodskaya Oblast', Russia",positive,https://www.wsj.com/articles/russia-evacuates-thousands-in-border-city-it-accidentally-bombed-969e47b3,url,154,9
2023-04-22,disaster,unmatched,,,"Belgorod, Belgorodskaya Oblast', Russia",positive,https://www.dailymail.co.uk/news/article-12002911/Suspected-SECOND-unexploded-bomb-dropped-Russian-warplane-prompts-evacuation-3-000-residents.html,url,195,8
2023-04-22,disaster,unmatched,,,"Belgorod, Belgorodskaya Oblast', Russia",positive,https://nypost.com/2023/04/22/russians-evacuate-homes-after-bomb-found-near-explosion-site/,url,174,4
2023-04-22,disaster,unmatched,,,"Moscow, Moskva, Russia",positive,https://www.seattlepi.com/news/article/apartments-evacuated-after-explosive-found-in-17912413.php,url,1124,3
2023-04-23,disaster,unmatched,,,"Moscow, Moskva, Russia",positive,https://gazette.com/news/us-world/factbox-the-status-of-foreign-states-sudan-evacuation-efforts/article_344051f7-3970-56c8-9c22-28a66932e89b.html,url,013,112
2023-04-23,disaster,unmatched,,,"Belgorod, Belgorodskaya Oblast', Russia",positive,https://www.registercitizen.com/news/article/apartments-evacuated-after-explosive-found-in-17912413.php,url,194,78
2023-04-23,disaster,unmatched,,,"Moscow, Moskva, Russia",positive,https://english.newstracklive.com/news/explosive-discovered-at-the-same-location-after-russia-bombs-its-own-city-prompts-evacuations-sc57-nu355-ta355-1274539-1.html,url,042,13
2023-04-23,disaster,unmatched,,,"Moscow, Moskva, Russia",positive,https://www.msn.com/en-in/news/world/the-capitals-riyadh-leads-sudan-evacuation-effort-moscow-s-latin-america-outreach-and-more/ar-AA1ae6Wa,url,100,2
2023-04-24,disaster,unmatched,,,"Moscow, Moskva, Russia",positive,https://www.devdiscourse.com/article/business/2427497-factbox-foreign-states-evacuate-citizens-from-sudan,url,013,42
2023-04-24,disaster,unmatched,,,"Moscow, Moskva, Russia",positive,https://www.firstpost.com/explainers/sudan-unrest-india-plan-evacuate-citizens-mea-uk-us-france-saudi-arabia-12496952.html,url,160,3
2023-04-25,disaster,unmatched,,,"Kremlin, Moskva, Russia",positive,https://www.msn.com/en-us/news/world/factbox-countries-rush-to-evacuate-foreign-citizens-from-sudan/ar-AA1ajdjb,url,060,52
2023-04-25,disaster,unmatched,,,"Tserkva, Nizhegorodskaya Oblast', Russia",positive,http://www.msn.com/en-us/news/us/uk-begins-military-evacuation-of-british-nationals-from-sudan-while-us-says-it-s-too-dangerous/ar-AA1ajwHa,url,060,8
2023-04-25,disaster,unmatched,,,"Kremlin, Moskva, Russia",positive,https://www.msn.com/en-us/news/world/factbox-countries-rush-to-evacuate-foreign-citizens-from-sudan/ar-AA1ak0XV,url,060,2
2023-04-26,disaster,unmatched,,,"Moscow, Moskva, Russia",positive,https://www.navhindtimes.in/2023/04/23/worldnews/apartments-evacuated-after-explosive-found-in-russian-city/,url,090,8
2023-04-27,disaster,unmatched,,,"Kremlin, Moskva, Russia",positive,https://www.msn.com/en-us/news/world/factbox-countries-rush-to-evacuate-foreign-citizens-from-sudan/ar-AA1aoJKd,url,060,52
2023-04-28,disaster,unmatched,,,"Kremlin, Moskva, Russia",positive,https://www.devdiscourse.com/article/law-order/2432771-factbox-countries-rush-to-evacuate-foreign-citizens-from-sudan,url,060,114
2023-04-28,disaster,unmatched,,,"Petersburg, Sankt-Peterburg, Russia",positive,https://www.irishtimes.com/politics/2023/04/28/triple-lock-why-only-12-defence-forces-members-can-be-sent-on-evacuation-missions/,url,120,10
2023-04-28,disaster,unmatched,,,"Moscow, Moskva, Russia",positive,https://inews.co.uk/news/russia-wagner-group-fighting-sudan-evacuation-port-uk-citizens-2299739,url,130,8
2023-04-29,disaster,unmatched,,,"Moscow, Moskva, Russia",positive,https://www.devdiscourse.com/article/law-order/2434093-factbox-countries-rush-to-evacuate-foreign-citizens-from-sudan,url,046,69
2023-04-29,disaster,unmatched,,,"Moscow, Moskva, Russia",positive,https://wsnewspublishers.com/first-evacuation-of-american-citizens-from-sudan-conducted-under-protective-marches/,url,042,5
2023-04-29,disaster,unmatched,,,"Moscow, Moskva, Russia",positive,https://www.echoroukonline.com/moroccos-makhzen-regime-implicates-spanish-pm-sanchez-in-flooding-europe-with-russian-fuel,url,163,2
2023-04-29,disaster,unmatched,,,"Kremlin, Moskva, Russia",positive,https://www.algemeiner.com/2023/04/29/countries-rush-to-evacuate-foreign-citizens-from-sudan/,url,060,2
2023-04-30,disaster,unmatched,,,"Moscow, Moskva, Russia",positive,https://www.msn.com/en-gb/news/world/factbox-countries-rush-to-evacuate-foreign-citizens-from-sudan/ar-AA1ay1Mf,url,046,12
2023-05-01,disaster,unmatched,,,"Moscow, Moskva, Russia",positive,https://www.marketscreener.com/news/latest/Factbox-Countries-rush-to-evacuate-foreign-citizens-from-Sudan--43701186/,url,046,42
2023-05-01,disaster,unmatched,,,"Bakhmut, Nizhegorodskaya Oblast', Russia",positive,https://www.politico.com/newsletters/national-security-daily/2023/05/01/the-evacuation-calculation-00094625,url,1123,6
2023-05-02,disaster,unmatched,,,"Moscow, Moskva, Russia",positive,https://www.laprensalatina.com/russia-evacuates-over-200-people-from-sudan/,url,160,10
2023-05-02,disaster,unmatched,,,"Moscow, Moskva, Russia",positive,https://www.urdupoint.com/en/world/over-200-evacuated-russian-nationals-arrive-f-1685256.html,url,160,8
2023-05-03,disaster,unmatched,,,"Moscow, Moskva, Russia",positive,https://akipress.com/news:706565:6_Kyrgyz_citizens_evacuated_from_Sudan_on_May_2/,url,043,6
2023-05-04,disaster,unmatched,,,"Moscow, Moskva, Russia",positive,https://www.aa.com.tr/en/africa/evacuations-of-foreign-nationals-from-sudan-continue-as-fighting-enters-3rd-week/2889460,url,160,10
2023-05-04,disaster,unmatched,,,"Marinka, Tul'skaya Oblast', Russia",positive,https://news.yahoo.com/civilians-evacuated-avdiivka-soon-083700667.html,url,160,6
2023-05-05,disaster,unmatched,,,"Moscow, Moskva, Russia",positive,https://news.yahoo.com/engineers-reduce-risk-dam-bursting-224936824.html,url,010,8
2023-05-05,disaster,unmatched,,,"Zvezda, Novgorodskaya Oblast', Russia",positive,https://www.inform.kz/en/evacuations-of-foreign-nationals-from-sudan-continue-as-fighting-enters-3rd-week_a4064277,url,160,8
2023-05-06,disaster,unmatched,,,"Sverdlovsk, Sverdlovskaya Oblast', Russia",positive,https://www.reuters.com/world/europe/gunpowder-depot-fire-russias-urals-village-evacuated-officials-2023-05-06/,url,112,10
2023-05-07,disaster,unmatched,,,"Moscow, Moskva, Russia",positive,https://www.mirror.co.uk/news/world-news/russia-triggers-mad-panic-evacuating-29916437,url,010,28
2023-05-07,disaster,unmatched,,,"Sverdlovsk, Sverdlovskaya Oblast', Russia",positive,https://www.marketscreener.com/quote/currency/US-DOLLAR-RUSSIAN-ROUBL-2370597/news/Gunpowder-depot-on-fire-in-Russia-s-Urals-village-evacuated-officials-43769786/,url,112,10
2023-05-07,disaster,unmatched,,,"Balkan, Bashkortostan, Russia",positive,https://www.rferl.org/a/russia-fire-urals-sverdlovsk-evacuation/32400367.html,url,040,7
2023-05-07,disaster,unmatched,,,"Dugina, Kurskaya Oblast', Russia",positive,https://www.dailymaverick.co.za/article/2023-05-07-wagner-chief-walks-back-threat-to-abandon-bakhmut-battle-russia-ramps-up-evacuations-in-occupied-regions/,url,194,5
2023-05-08,disaster,unmatched,,,"Moscow, Moskva, Russia",positive,http://www.msn.com/en-us/news/world/putin-sparks-mad-panic-after-ordering-mass-evacuation-near-europes-biggest-nuke-plant-amid-fears-of-severe-accident/ar-AA1aUl24,url,192,6
2023-05-08,disaster,unmatched,,,"Belgorod, Belgorodskaya Oblast', Russia",positive,https://www.gulfnews.ca/russian-evacuation-orders-cause-chaos-in-some-occupied-territories-live-news/,url,141,5
2023-05-08,disaster,unmatched,,,"Moscow, Moskva, Russia",positive,https://www.mirror.co.uk/news/world-news/humanitarian-crisis-grows-chaotic-evacuation-29922203,url,100,2
2023-05-09,disaster,unmatched,,,"Tokmak, Saratovskaya Oblast', Russia",positive,https://news.yahoo.com/evacuation-enerhodar-atms-gas-stations-101315315.html,url,145,4
2023-05-10,disaster,unmatched,,,"North Island, Sakhalinskaya Oblast', Russia",positive,https://www.latestly.com/agency-news/world-news-students-body-found-in-cave-after-new-zealand-hit-by-floods-5115475.html,url,130,10
2023-05-15,disaster,unmatched,,,"Moscow, Moskva, Russia",positive,https://www.dailymail.co.uk/news/article-12086113/Idaho-murders-suspect-Bryan-Kohberger-receive-flood-love-letters-jail.html,url,010,2
2023-05-22,disaster,unmatched,,,"Belgorod, Belgorodskaya Oblast', Russia",positive,https://news.yahoo.com/russia-evacuates-nuclear-arsenal-storage-174900530.html,url,010,10
2023-05-24,disaster,unmatched,,,"Moscow, Moskva, Russia",positive,http://www.ruthfullyyours.com/2023/05/24/how-the-west-sanctions-enemies-floods-them-with-rewards-by-burak-bekdil/,url,071,12
2023-05-24,disaster,unmatched,,,"Kremlin, Moskva, Russia",positive,https://www.havredailynews.com/story/2023/05/24/local/some-hill-county-roads-still-closed-due-to-flooding/542379.html,url,130,5
2023-05-24,disaster,unmatched,,,"Kremlin, Moskva, Russia",positive,https://thespinoff.co.nz/politics/25-05-2023/deepfakes-shit-floods-and-the-nz-election,url,110,3
2023-05-25,disaster,unmatched,,,"Moscow, Moskva, Russia",positive,https://www.firstpost.com/world/iphones-are-flooding-the-russian-market-and-going-for-dirt-cheap-rates-even-after-apples-exit-12645732.html,url,163,2
2023-05-26,disaster,unmatched,,,"Bakhmut, Nizhegorodskaya Oblast', Russia",positive,https://www.wionews.com/world/brit-shot-wife-dies-of-starvation-as-uk-embassy-in-sudan-fails-to-evacuate-couple-living-just-across-road-596715,url,160,1
2023-05-29,disaster,unmatched,,,"Moscow, Moskva, Russia",positive,https://www.jewishpress.com/uncategorized/how-the-west-sanctions-enemies-floods-them-with-rewards/2023/05/29/,url,071,6
2023-05-30,disaster,unmatched,,,"Moscow, Moskva, Russia",positive,https://www.msn.com/en-us/money/markets/russia-and-saudi-arabia-are-at-odds-after-a-flood-of-russian-oil-supply-pushed-the-commoditys-price-below-a-key-break-even-level-needed-to-fund-saudi-projects/ar-AA1bSRLZ,url,020,4
2023-06-04,disaster,unmatched,,,"Belgorod, Belgorodskaya Oblast', Russia",positive,https://www.zerohedge.com/markets/wagner-ready-defend-russias-border-region-after-whole-towns-evacuated,url,036,45
2023-06-05,disaster,unmatched,,,"Belgorod, Belgorodskaya Oblast', Russia",positive,https://infiniteunknown.net/2023/06/04/wagner-ready-to-defend-russias-border-region-after-whole-towns-evacuated/,url,192,8
2023-06-06,disaster,unmatched,,,"Kakhovka, Amurskaya Oblast', Russia",positive,https://artsakhpress.am/eng/news/182417/water-in-dnipro-river-rises-forcing-kherson-region-residents-to-evacuate.html,url,016,10
2023-06-06,disaster,unmatched,,,"Moscow, Moskva, Russia",positive,https://www.moonofalabama.org/2023/06/nova-kakhova-dam-breach.html,url,042,7
2023-06-06,disaster,unmatched,,,"Kakhovka, Amurskaya Oblast', Russia",positive,https://news.yahoo.com/dam-blown-unleashing-floods-threatening-081551234.html,url,010,6
2023-06-06,disaster,unmatched,,,"Kakhovka, Amurskaya Oblast', Russia",positive,https://interestingengineering.com/innovation/dnipro-river-dam-breached,url,130,2
2023-06-07,disaster,unmatched,,,"Kremlin, Moskva, Russia",positive,https://www.canindia.com/dnipro-river-contaminated-with-industrial-substances-after-dam-breach-says-zelenskys-office/,url,112,490
2023-06-07,disaster,unmatched,,,"Moscow, Moskva, Russia",positive,https://www.ourmidland.com/news/world/article/waters-continue-to-swell-as-flooded-southern-18139296.php,url,120,34
2023-06-07,disaster,unmatched,,,"Kakhovka, Amurskaya Oblast', Russia",positive,https://news.yahoo.com/flood-waters-dam-break-expected-075500125.html,url,130,20
2023-06-07,disaster,unmatched,,,"Kakhovka, Amurskaya Oblast', Russia",positive,https://www.ghanaiantimes.com.gh/floods-sweep-region-after-huge-dam-destroyed/,url,112,17
2023-06-07,disaster,unmatched,,,"Kakhovka, Amurskaya Oblast', Russia",positive,https://www.irishtimes.com/world/europe/2023/06/07/kherson-residents-blame-inhumane-moscow-for-destroyed-dam-as-flood-waters-rise/,url,128,11
2023-06-07,disaster,unmatched,,,"Petersburg, Sankt-Peterburg, Russia",positive,https://www.tampabay.com/opinion/2023/06/07/florida-is-flooded-with-bad-insurance-news-letters/,url,020,10
2023-06-07,disaster,unmatched,,,"Kakhovka, Amurskaya Oblast', Russia",positive,https://www.haaretz.com/world-news/europe/2023-06-07/ty-article-magazine/.premium/on-the-flooded-ground-in-kherson-the-russians-punished-themselves/00000188-9621-d3a7-adcf-b72fde420000,url,010,7
2023-06-07,disaster,unmatched,,,"Belgorod, Belgorodskaya Oblast', Russia",positive,https://www.forbes.com/sites/melikkaylan/2023/06/07/by-flooding-the-dnipro-putin-enters-history-as-one-of-its-cruelest-tyrants/,url,192,6
2023-06-07,disaster,unmatched,,,"Bakhmut, Nizhegorodskaya Oblast', Russia",positive,https://www.abc.net.au/news/2023-06-08/vladimir-putin-says-dam-breach-is-a-catastrophe/102453178,url,111,6
2023-06-07,disaster,unmatched,,,"Moscow, Moskva, Russia",positive,https://tribune.net.ph/2023/06/08/bombed-dam-floods-40-towns/,url,111,6
2023-06-07,disaster,unmatched,,,"Kakhovka, Amurskaya Oblast', Russia",positive,https://menafn.com/1106408778/PM-Shmyhal-Calls-On-Intl-Humanitarian-Organizations-To-Evacuate-People-From-Russian-Occupied-Areas-Amid-Flood,url,160,4
2023-06-07,disaster,unmatched,,,"Kremlin, Moskva, Russia",positive,https://www.the-star.co.ke/news/world/2023-06-07-turkey-calls-for-international-investigation-into-dam-breach/,url,120,2
2023-06-07,disaster,unmatched,,,"Kremlin, Moskva, Russia",positive,https://www.politico.eu/article/russians-shooting-at-rescuers-in-flooded-areas-zelenskyy-tells-politico/,url,073,2
2023-06-07,disaster,unmatched,,,"Kakhovka, Amurskaya Oblast', Russia",positive,https://menafn.com/1106408787/Occupiers-Dont-Evacuate-People-From-Left-Bank-Kherson-Region-Obstruct-Volunteers,url,181,2
2023-06-07,disaster,unmatched,,,"Kremlin, Moskva, Russia",positive,https://saudigazette.com.sa/article/633177/World/Europe/Thousands-flee-as-floods-submerge-Kherson-and-nearby-towns,url,070,1
2023-06-07,disaster,unmatched,,,"Zelenskiy, Astrakhanskaya Oblast', Russia",positive,https://www.marketscreener.com/quote/currency/US-DOLLAR-RUSSIAN-ROUBL-2370597/news/Zelenskiy-shocked-at-failure-of-UN-Red-Cross-to-help-after-dam-breached-Bild-44063885/,url,040,1
2023-06-08,disaster,unmatched,,,"Kremlin, Moskva, Russia",positive,https://www.lmtonline.com/news/world/article/zelenskyy-visits-area-flooded-by-destroyed-dam-as-18141563.php,url,010,444
2023-06-08,disaster,unmatched,,,"Moscow, Moskva, Russia",positive,https://news.yahoo.com/zelenskyy-visits-area-flooded-destroyed-084115441.html,url,010,82
2023-06-08,disaster,unmatched,,,"Moscow, Moskva, Russia",positive,https://www.2news.com/news/world/zelenskyy-visits-area-flooded-by-destroyed-dam-as-five-reported-dead-in-russian-occupied-city/article_ff2a6825-c9ba-5f0f-af16-138c5f04425c.html,url,080,70
2023-06-08,disaster,unmatched,,,"Kakhovka, Amurskaya Oblast', Russia",positive,https://news.yahoo.com/floods-dam-russia-accused-destroying-113051149.html,url,112,46
2023-06-08,disaster,unmatched,,,"Kakhovka, Amurskaya Oblast', Russia",positive,https://www.ksat.com/news/world/2023/06/08/zelenskyy-visits-area-flooded-by-destroyed-dam-as-five-reported-dead-in-russian-occupied-town/,url,192,20
2023-06-08,disaster,unmatched,,,"Kremlin, Moskva, Russia",positive,https://krdo.com/news/national-world/cnn-world/2023/06/07/russians-shooting-at-rescuers-in-flooded-areas-following-dam-collapse-zelensky-says/,url,013,17
2023-06-08,disaster,unmatched,,,"Kakhovka, Amurskaya Oblast', Russia",positive,https://www.irishnews.com/news/worldnews/2023/06/08/news/zelensky_visits_area_flooded_by_destroyed_dam_as_five_are_reported_dead-3333230/,url,128,14
2023-06-08,disaster,unmatched,,,"Kakhovka, Amurskaya Oblast', Russia",positive,https://lasvegassun.com/news/2023/jun/07/flooding-from-dam-break-strands-hundreds-and-leave/,url,010,13
2023-06-08,disaster,unmatched,,,"Kakhovka, Amurskaya Oblast', Russia",positive,https://news.yahoo.com/russians-kill-civilian-during-evacuation-124333606.html,url,190,10
2023-06-08,disaster,unmatched,,,"Moscow, Moskva, Russia",positive,https://www.aljazeera.com/news/2023/6/8/bodies-floating-in-flooded-areas-after-dam-collapse-zelenskyy,url,130,10
2023-06-08,disaster,unmatched,,,"Moscow, Moskva, Russia",positive,https://www.heraldbulletin.com/news/nation_world/zelenskyy-visits-area-flooded-by-destroyed-dam-as-five-reported-dead-in-russian-occupied-city/article_73035e74-1524-5a17-aed3-f4ee495d899a.html,url,128,10
2023-06-08,disaster,unmatched,,,"Kremlin, Moskva, Russia",positive,http://www.msn.com/en-us/news/world/zelensky-visits-kherson-as-death-toll-from-flooding-increases/ar-AA1cidfo,url,036,10
2023-06-08,disaster,unmatched,,,"Moscow, Moskva, Russia",positive,https://www.laprensalatina.com/zelenskyy-visits-flood-hit-kherson-after-dam-burst-kills-5-in-russia-held-region/,url,043,10
2023-06-08,disaster,unmatched,,,"Korsunka, Rostovskaya Oblast', Russia",positive,https://english.elpais.com/international/2023-06-08/khersons-few-remaining-citizens-defiant-in-a-city-flooded-by-a-militarized-river-we-will-resist-as-we-resisted-the-occupation.html,url,193,8
2023-06-08,disaster,unmatched,,,"Kakhovka, Amurskaya Oblast', Russia",positive,https://menafn.com/1106411608/President-Visits-Crossing-Point-In-Kherson-Where-People-Being-Evacuated,url,046,6
2023-06-08,disaster,unmatched,,,"Moscow, Moskva, Russia",positive,https://www.timesofisrael.com/zelensky-visits-flooded-kherson-after-dam-collapse-5-dead-in-russian-occupied-city/,url,012,6
2023-06-08,disaster,unmatched,,,"Kakhovka, Amurskaya Oblast', Russia",positive,https://news.yahoo.com/flood-destroys-many-russian-positions-025830243.html,url,194,5
2023-06-08,disaster,unmatched,,,"Moscow, Moskva, Russia",positive,https://www.dailymail.co.uk/news/article-12173207/Horror-etched-President-Zelenskys-face-visits-flooded-region-dam-disaster.html,url,020,4
2023-06-08,disaster,unmatched,,,"Zelenskiy, Astrakhanskaya Oblast', Russia",positive,https://www.theguardian.com/world/2023/jun/08/russian-forces-accused-of-blocking-flood-evacuation-efforts,url,043,4
2023-06-08,disaster,unmatched,,,"Moscow, Moskva, Russia",positive,https://localnews8.com/news/national-world/cnn-world/2023/06/07/russians-shooting-at-rescuers-in-flooded-areas-following-dam-collapse-zelensky-says/,url,192,3
2023-06-08,disaster,unmatched,,,"Moscow, Moskva, Russia",positive,https://kesq.com/news/national-world/cnn-world/2023/06/07/russians-shooting-at-rescuers-in-flooded-areas-following-dam-collapse-zelensky-says/,url,0311,3
2023-06-08,disaster,unmatched,,,"Moscow, Moskva, Russia",positive,https://www.greenwichtime.com/news/world/article/zelenskyy-visits-area-flooded-by-destroyed-dam-as-18141563.php,url,010,3
2023-06-08,disaster,unmatched,,,"Kakhovka, Amurskaya Oblast', Russia",positive,https://www.brandonsun.com/world/2023/06/08/zelenskyy-visits-area-flooded-by-destroyed-dam-as-five-reported-dead-in-russian-occupied-town,url,042,2
2023-06-08,disaster,unmatched,,,"Belgorod, Belgorodskaya Oblast', Russia",positive,https://gazette.com/news/us-world/zelensky-says-russians-are-shooting-at-rescuers-in-areas-flooded-by-dam-collapse/article_7c2a0601-a447-52cf-b5ef-7128f3b9f953.html,url,193,2
2023-06-08,disaster,unmatched,,,"Moscow, Moskva, Russia",positive,https://www.durangoherald.com/articles/zelenskyy-visits-area-flooded-by-destroyed-dam-as-five-reported-dead-in-russian-occupied-town/,url,192,1
2023-06-09,disaster,unmatched,,,"Kakhovka, Amurskaya Oblast', Russia",positive,https://www.lewrockwell.com/2023/06/no_author/those-dam-russians-now-theyre-flooding-themselves-for-propaganda/,url,130,24
2023-06-09,disaster,unmatched,,,"Moscow, Moskva, Russia",positive,https://www.calcuttanews.net/news/273859615/the-week-in-russia-flood-fire-and-a-travesty-of-justice,url,020,14
2023-06-09,disaster,unmatched,,,"Kakhovka, Amurskaya Oblast', Russia",positive,https://menafn.com/1106415001/Nearly-16000-People-Could-Be-Evacuated-From-Right-Bank-Of-Kherson-Region,url,160,10
2023-06-09,disaster,unmatched,,,"Volgograd, Volgogradskaya Oblast', Russia",positive,http://www.msn.com/en-us/news/world/putins-army-bombarded-as-first-dead-bodies-emerge-in-floods/ar-AA1cjdZ8,url,0332,8
2023-06-09,disaster,unmatched,,,"Kakhovka, Amurskaya Oblast', Russia",positive,https://menafn.com/1106416883/No-Signal-In-Flooded-Oleshky-Fate-Of-Hundreds-Of-People-Unknown,url,190,7
2023-06-09,disaster,unmatched,,,"Moscow, Moskva, Russia",positive,http://rusjev.net/2023/06/09/evacuees-under-russian-fire-in-flooded-areas-of-kherson/,url,051,5
2023-06-09,disaster,unmatched,,,"Kremlin, Moskva, Russia",positive,https://www.reuters.com/world/europe/eight-dead-almost-6000-evacuated-russian-held-side-dam-breach-russian-backed-2023-06-09/,url,160,4
2023-06-10,disaster,unmatched,,,"Moscow, Moskva, Russia",positive,https://www.lmtribune.com/northwest/torrential-rain-leads-to-flooding/article_44a3ee8d-b6e6-5a91-8164-5436050e3df0.html,url,012,11
2023-06-10,disaster,unmatched,,,"Kakhovka, Amurskaya Oblast', Russia",positive,https://menafn.com/1106421026/In-Flood-Struck-Kherson-Region-30-Of-Nature-Reserve-Fund-Under-Threat-Yermak,url,010,9
2023-06-10,disaster,unmatched,,,"Kakhovka, Amurskaya Oblast', Russia",positive,https://news.yahoo.com/area-flooded-territories-kherson-oblast-195717857.html,url,160,2
2023-06-11,disaster,unmatched,,,"Kakhovka, Amurskaya Oblast', Russia",positive,https://www.thenews.com.pk/print/1079223-zelensky-says-counteroffensive-underway-as-trudeau-pledges-flood-aid,url,112,46
2023-06-11,disaster,unmatched,,,"Kakhovka, Amurskaya Oblast', Russia",positive,https://menafn.com/1106423506/Three-Dead-As-Russians-Fire-At-Evacuation-Boat-Kherson-Official,url,060,10
2023-06-11,disaster,unmatched,,,"Kakhovka, Amurskaya Oblast', Russia",positive,https://news.yahoo.com/112-people-evacuated-occupied-left-182147944.html,url,193,10
2023-06-11,disaster,unmatched,,,"Kakhovka, Amurskaya Oblast', Russia",positive,https://news.yahoo.com/water-receding-kherson-oblast-evacuation-143100249.html,url,166,2
2023-06-12,disaster,unmatched,,,"Kakhovka, Amurskaya Oblast', Russia",positive,https://menafn.com/1106428220/Two-More-People-Killed-By-Flooding-In-Kherson,url,190,10
2023-06-12,disaster,unmatched,,,"Kremlin, Moskva, Russia",positive,"https://www.presstv.ir/Detail/2023/06/12/705141/Russia-says-evacuated-7,000-from-Kherson-flooded-areas",url,160,6
2023-06-12,disaster,unmatched,,,"Kakhovka, Amurskaya Oblast', Russia",positive,https://news.yahoo.com/evacuation-people-left-bank-dnipro-110000330.html,url,020,4
2023-06-12,disaster,unmatched,,,"Moscow, Moskva, Russia",positive,https://www.theuknews.com/news/273859615/the-week-in-russia-flood-fire-and-a-travesty-of-justice,url,020,4
2023-06-13,disaster,unmatched,,,"Moscow, Moskva, Russia",positive,https://londonlovesbusiness.com/ammonia-filled-chemical-plant-in-crimea-at-a-critical-level-with-an-evacuation-of-russian-officials-underway/,url,166,10
2023-06-13,disaster,unmatched,,,"Amurskaya, Sakhalinskaya Oblast', Russia",positive,https://news.yahoo.com/photos-animals-caught-floods-unrelated-065106136.html,url,090,8
2023-06-13,disaster,unmatched,,,"Kakhovka, Amurskaya Oblast', Russia",positive,https://menafn.com/1106433489/PM-Shmyhal-13-Countries-Providing-Humanitarian-Aid-To-Tackle-Dam-Breach-Devastation,url,070,3
2023-06-13,disaster,unmatched,,,"Kakhovka, Amurskaya Oblast', Russia",positive,https://menafn.com/1106434100/Vereshchuk-More-Than-3000-People-Evacuated-From-Right-Bank-Of-Kherson-Region,url,0233,2
2023-06-13,disaster,unmatched,,,"Kremlin, Moskva, Russia",positive,https://www.spokesman.com/stories/2023/jun/13/international-aid-teams-still-cannot-reach-flood-h/,url,190,2
2023-06-14,disaster,unmatched,,,"Yuriy, RSJA, Russia",positive,https://tribune.net.ph/2023/06/15/flood-hit-farmers-angry-with-moron-in-kremlin/,url,112,6
2023-06-15,disaster,unmatched,,,"Kakhovka, Amurskaya Oblast', Russia",positive,https://menafn.com/1106442916/44-Settlements-Remain-Flooded-In-Kherson-Region,url,043,10
2023-06-16,disaster,unmatched,,,"Moscow, Moskva, Russia",positive,https://www.maritime-executive.com/article/russian-rescue-teams-evacuate-two-injured-crew-from-fire-on-bulker,url,042,4
2023-06-16,disaster,unmatched,,,"Kakhovka, Amurskaya Oblast', Russia",positive,https://news.yahoo.com/polina-rayko-house-museum-flooded-155700454.html,url,080,2
2023-06-18,disaster,unmatched,,,"Moscow, Moskva, Russia",positive,https://www.channelnewsasia.com/world/un-says-russia-still-blocking-aid-dam-breach-victims-3571156,url,128,4
2023-06-18,disaster,unmatched,,,"Kakhovka, Amurskaya Oblast', Russia",positive,https://menafn.com/1106451851/Six-Settlements-Remain-Flooded-In-Right-Bank-Kherson-Region-Governor,url,090,4
2023-06-19,disaster,unmatched,,,"Moscow, Moskva, Russia",positive,https://www.marketscreener.com/quote/currency/US-DOLLAR-RUSSIAN-ROUBL-2370597/news/Kremlin-says-it-declined-U-N-help-in-flood-zone-over-security-concerns-44140612/,url,060,33
2023-06-19,disaster,unmatched,,,"Kakhovka, Amurskaya Oblast', Russia",positive,https://menafn.com/1106454925/Twenty-Two-Settlements-In-Kherson-Region-Remain-Flooded,url,010,8
2023-06-19,disaster,unmatched,,,"Moscow, Moskva, Russia",positive,https://www.thephuketnews.com/un-says-russia-still-blocking-aid-to-dam-breach-victims-88573.php,url,128,8
2023-06-19,disaster,unmatched,,,"Kakhovka, Amurskaya Oblast', Russia",positive,https://menafn.com/1106456961/Five-Settlements-Remain-Flooded-In-Right-Bank-Part-Of-Kherson-Region-PM-Shmyhal,url,026,6
2023-06-19,disaster,unmatched,,,"Moscow, Moskva, Russia",positive,https://newsinfo.inquirer.net/1790016/un-says-russia-still-blocking-aid-to-dam-breach-victims,url,128,1
2023-06-21,disaster,unmatched,,,"Petersburg, Sankt-Peterburg, Russia",positive,https://www.abcactionnews.com/news/region-pinellas/flooding-issues-continue-at-twin-city-mobile-home-park-nearly-3-years-after-initial-report,url,090,10
2023-06-21,disaster,unmatched,,,"Kakhovka, Amurskaya Oblast', Russia",positive,https://news.yahoo.com/russia-collects-bodies-flood-victims-125500793.html,url,138,2
2023-06-23,disaster,unmatched,,,"Moscow, Moskva, Russia",positive,https://www.france24.com/en/live-news/20230623-kherson-residents-return-to-flood-ruined-homes-after-dam-destroyed,url,046,90
2023-06-23,disaster,unmatched,,,"Moscow, Moskva, Russia",positive,https://www.ibtimes.com/kherson-residents-return-flood-ruined-homes-after-dam-destroyed-3701757,url,112,20
2023-06-23,disaster,unmatched,,,"Kremlin, Moskva, Russia",positive,https://www.euractiv.com/section/global-europe/news/zelenskyy-russia-is-hiding-bodies-of-victims-of-dam-breach/,url,112,12
2023-06-23,disaster,unmatched,,,"Moscow, Moskva, Russia",positive,https://www.digitaljournal.com/world/kherson-residents-return-to-flood-ruined-homes-after-dam-destroyed/article,url,042,9
2023-06-24,disaster,unmatched,,,"Moscow, Moskva, Russia",positive,https://londonlovesbusiness.com/putin-evacuated-lukashenko-flees-belarus-as-wagner-has-half-of-russian-army-onside-and-will-reach-moscow-in-hours/,url,073,6
2023-06-25,disaster,unmatched,,,"Moscow, Moskva, Russia",positive,https://www.terradaily.com/reports/Kherson_residents_return_to_flood-ruined_homes_after_dam_destroyed_999.html,url,112,2
2023-06-29,disaster,unmatched,,,"Karabakh, Dagestan, Russia",positive,https://mirrorspectator.com/2023/06/29/red-cross-resumes-medical-evacuations-from-karabakh/,url,020,6
2023-07-01,disaster,unmatched,,,"Moscow, Moskva, Russia",positive,https://www.timeturk.com/en/russian-plane-lands-in-bucharest-to-evacuate-diplomats-despite-eu-airspace-ban/news-78324,url,020,6
2023-07-08,disaster,mo,городской округ Коломна,^городской\ округ\ Коломна$,"Kolomna, Moskovskaya Oblast', Russia",positive,https://www.dailymail.co.uk/news/article-12277611/Moment-woman-struck-lightning-massive-storm-flash-flood-engulfs-Russian-city.html,url,190,10
2023-07-09,disaster,unmatched,,,"Sochi, Krasnodarskiy Kray, Russia",positive,https://www.dailymail.co.uk/news/article-12280349/Flash-floods-batter-Vladmir-Putins-summer-resort-city-Sochi.html,url,040,1
2023-07-12,disaster,unmatched,,,"Sochi, Krasnodarskiy Kray, Russia",positive,https://www.themoscowtimes.com/2023/07/12/4-missing-in-russias-flood-hit-black-sea-coast-a81815,url,020,5
2023-07-13,disaster,unmatched,,,"Kalga, Zabaykal'skiy Kray, Russia",positive,https://www.telegraphindia.com/feeds/india/all-256-tourists-stranded-at-himachals-chandertal-evacuated-on-july-13/cid/1951827,url,033,15
2023-07-13,disaster,unmatched,,,"Yakutia, Sakha (Yakutiya), Russia",positive,https://www.news24.com/news24/world/news/wildfires-floods-kill-at-least-five-people-across-russia-20230713,url,090,10
2023-07-13,disaster,unmatched,,,"Kalga, Zabaykal'skiy Kray, Russia",positive,https://indianexpress.com/article/cities/shimla/evacuation-nearly-over-himachal-focus-now-on-restoring-essential-infra-8834426/,url,010,6
2023-07-14,disaster,unmatched,,,"Karabakh, Dagestan, Russia",positive,https://www.france24.com/en/live-news/20230714-red-cross-restarts-karabakh-evacuations-after-protests-over-blockade,url,160,14
2023-07-14,disaster,unmatched,,,"Karabakh, Dagestan, Russia",positive,https://www.digitaljournal.com/world/red-cross-restarts-karabakh-evacuations-after-protests-over-blockade/article,url,160,6
2023-07-14,disaster,unmatched,,,"Karabakh, Dagestan, Russia",positive,https://news.yahoo.com/red-cross-restarts-karabakh-evacuations-160000988.html,url,051,4
2023-07-14,disaster,unmatched,,,"Karabakh, Dagestan, Russia",positive,https://www.ibtimes.com/red-cross-restarts-karabakh-evacuations-after-protests-over-blockade-3705165,url,160,3
2023-07-15,disaster,unmatched,,,"Moscow, Moskva, Russia",positive,https://english.aawsat.com/world/4433866-south-korea-landslides-floods-kill-more-20-over-1000-evacuated,url,112,1
2023-07-19,disaster,unmatched,,,"Moscow, Moskva, Russia",positive,https://article.wn.com/view/2023/07/19/Fire_at_military_base_in_Crimea_forces_evacuation_of_more_th/,url,190,10
2023-07-19,disaster,unmatched,,,"Moscow, Moskva, Russia",positive,https://www.laprensalatina.com/blaze-at-crimea-military-camp-forces-evacuation-of-over-2000-citizens/,url,015,8
2023-07-19,disaster,unmatched,,,"Moscow, Moskva, Russia",positive,https://news.yahoo.com/thousands-evacuated-crimea-ammunition-depot-132033039.html,url,160,8
2023-07-19,disaster,unmatched,,,"Moscow, Moskva, Russia",positive,https://pragativadi.com/fire-at-crimea-military-base-over-2000-civilians-evacuated/,url,190,6
2023-07-19,disaster,unmatched,,,"Kremlin, Moskva, Russia",positive,https://www.breitbart.com:443/national-security/2023/07/19/russian-controlled-officials-say-crimea-fire-forced-thousands-to-evacuate/,url,045,4
2023-07-19,disaster,unmatched,,,"Kremlin, Moskva, Russia",positive,https://www.themoscowtimes.com/2023/07/19/fire-at-crimea-military-site-sparks-evacuations-a81884,url,010,4
2023-07-20,disaster,unmatched,,,"Kerch Strait, Russia (general), Russia",positive,https://www.independentsentinel.com/kerch-bridge-blown-up-again-warnings-to-evacuate-crimea/,url,112,9
2023-07-22,disaster,unmatched,,,"Pyatikhatki, Krasnodarskiy Kray, Russia",positive,https://www.infowars.com/posts/sputnik-journalist-dies-from-cluster-bomb-wounds-during-evacuation-defense-ministry/,url,070,10
2023-07-22,disaster,unmatched,,,"Moscow, Moskva, Russia",positive,https://www.dailystar.co.uk/news/world-news/shopping-centre-flood-kills-four-30530869,url,018,4
2023-07-25,disaster,unmatched,,,"Kremlin, Moskva, Russia",positive,https://english.aawsat.com/world/4464056-france-will-start-evacuation-french-eu-citizens-niger-tuesday%C2%A0,url,042,28
2023-07-25,disaster,unmatched,,,"Moscow, Moskva, Russia",positive,https://www.capitalpress.com/ag_sectors/rurallife/idaho-water-resource-board-awards-flood-management-grants/article_9a5b2bb8-2a7a-11ee-9858-ebe55034291e.html,url,040,10
2023-07-25,disaster,unmatched,,,"Orano, Tverskaya Oblast', Russia",positive,https://www.the-star.co.ke/news/world/2023-08-01-france-to-evacuate-citizens-after-niger-coup/,url,160,8
2023-07-25,disaster,unmatched,,,"Kremlin, Moskva, Russia",positive,https://www.breakinglatest.news/world/russian-mercenaries-flood-belarus-as-wagner-group-arrives-following-failed-rebellion/,url,190,4
2023-07-25,disaster,unmatched,,,"Orano, Tverskaya Oblast', Russia",positive,https://www.tvcnews.tv/2023/08/france-to-evacuate-citizens-from-niger-aftermath-coup/,url,160,4
2023-07-25,disaster,unmatched,,,"Kremlin, Moskva, Russia",positive,https://www.aljazeera.com/news/2023/8/1/france-to-begin-evacuation-for-its-citizens-eu-nationals-in-niger,url,042,1
2023-07-28,disaster,unmatched,,,"Petersburg, Sankt-Peterburg, Russia",positive,https://www.governing.com/climate/florida-keys-record-hot-ocean-water-prompts-coral-evacuations,url,073,1
2023-07-29,disaster,unmatched,,,"Sverdlovsk, Sverdlovskaya Oblast', Russia",positive,https://akipress.com/news:723127:Police_evacuate_visitors_after_report_about_alleged_bomb_in_Dordoy_Bazaar/,url,192,10
2023-08-01,disaster,unmatched,,,"Kremlin, Moskva, Russia",positive,https://www.europesun.com/news/273917766/france-to-evacuate-its-citizens-from-coup-hit-niger,url,020,10
2023-08-01,disaster,unmatched,,,"Moscow, Moskva, Russia",positive,https://news.yahoo.com/europeans-set-evacuate-tense-niger-095606685.html,url,160,8
2023-08-01,disaster,unmatched,,,"Moscow, Moskva, Russia",positive,https://www.theeastafrican.co.ke/tea/rest-of-africa/countries-prepare-to-evacuate-citizens-after-niger-coup-4323156,url,051,4
2023-08-01,disaster,unmatched,,,"Moscow, Moskva, Russia",positive,https://www.modernghana.com/news/1248804/european-nations-prepare-to-evacuate-citizens-afte.html,url,040,3
2023-08-01,disaster,unmatched,,,"Petersburg, Sankt-Peterburg, Russia",positive,https://www.latimes.com/world-nation/story/2023-08-01/niger-crisis-deepens-as-france-plans-evacuation-and-coup-leaders-get-support-from-neighboring-juntas,url,140,2
2023-08-01,disaster,unmatched,,,"Kremlin, Moskva, Russia",positive,https://www.firstpost.com/world/france-to-begin-evacuation-of-french-eu-citizens-from-niger-as-crisis-escalates-12944192.html,url,160,2
2023-08-01,disaster,unmatched,,,"Moscow, Moskva, Russia",positive,https://www.aol.com/news/europeans-evacuated-niger-neighboring-west-092539473.html,url,130,2
2023-08-01,disaster,unmatched,,,"Moscow, Moskva, Russia",positive,https://www.africanews.com/2023/08/01/niger-residents-react-to-plan-to-evacuate-french-nationals/,url,050,2
2023-08-01,disaster,unmatched,,,"Moscow, Moskva, Russia",positive,https://www.news24.com/news24/africa/news/european-nations-prepare-to-evacuate-citizens-after-niger-coup-20230801,url,0333,2
2023-08-01,disaster,unmatched,,,"Moscow, Moskva, Russia",positive,https://www.channelstv.com/2023/08/01/europeans-set-to-evacuate-from-tense-niger-following-coup/,url,130,1
2023-08-02,disaster,unmatched,,,"Kremlin, Moskva, Russia",positive,https://www.abc.net.au/news/2023-08-02/france-evacuates-citizens-from-niger-neighbours-warn-of-war/102677852,url,160,16
2023-08-02,disaster,unmatched,,,"Moscow, Moskva, Russia",positive,https://www.yenisafak.com/en/news/russia-says-it-evacuated-embassy-personnel-from-sudan-3668049,url,161,8
2023-08-02,disaster,unmatched,,,"Orano, Tverskaya Oblast', Russia",positive,http://www.businessghana.com/site/news/politics/291081/Niger-coup:-Evacuated-European-nationals-arrive-in-Paris-and-Rome,url,042,5
2023-08-03,disaster,unmatched,,,"Moscow, Moskva, Russia",positive,https://www.newsweek.com/moscow-chemical-battery-factory-storage-fire-explosion-blast-evacuations-1817297,url,010,12
2023-08-03,disaster,unmatched,,,"Kremlin, Moskva, Russia",positive,https://timesofindia.indiatimes.com/india/france-evacuates-indian-nationals-from-niger/articleshow/102391202.cms,url,020,12
2023-08-03,disaster,unmatched,,,"Moscow, Moskva, Russia",positive,https://www.dabangasudan.org/en/all-news/article/russia-evacuates-sudan-embassy-staff,url,161,10
2023-08-03,disaster,unmatched,,,"Moscow, Moskva, Russia",positive,https://www.washingtontimes.com/news/2023/aug/3/state-department-evacuate-all-non-emergency-person/,url,0874,8
2023-08-03,disaster,unmatched,,,"Kremlin, Moskva, Russia",positive,https://indiapost.com/france-evacuates-indian-nationals-from-niger/,url,130,1
2023-08-07,disaster,unmatched,,,"Bureya, Amurskaya Oblast', Russia",positive,https://economictimes.indiatimes.com/news/international/world-news/russia-to-evacuate-village-for-first-lunar-lander-mission-in-half-century/articleshow/102489201.cms,url,192,136
2023-08-07,disaster,unmatched,,,"Bureya, Amurskaya Oblast', Russia",positive,https://www.marketscreener.com/news/latest/Russia-to-evacuate-village-for-first-lunar-lander-mission-in-half-century--44532966/,url,036,111
2023-08-07,disaster,unmatched,,,"Vostochny, Krasnodarskiy Kray, Russia",positive,https://www.brisbanetimes.com.au/world/europe/space-for-everyone-village-to-evacuate-before-russia-launches-first-moon-lander-since-1976-20230808-p5dupd.html,url,042,30
2023-08-07,disaster,unmatched,,,"Vostochny, Krasnodarskiy Kray, Russia",positive,https://www.newsweek.com/russia-moon-mission-luna-25-launch-evacuation-1817946,url,043,28
2023-08-07,disaster,unmatched,,,"Vostochny, Krasnodarskiy Kray, Russia",positive,https://www.themoscowtimes.com/2023/08/07/russia-evacuates-far-east-village-ahead-of-first-post-soviet-moon-lander-launch-a82078,url,042,10
2023-08-07,disaster,unmatched,,,"Vostochny, Krasnodarskiy Kray, Russia",positive,https://www.dailystar.co.uk/news/world-news/putin-evacuates-whole-village-junk-30644379,url,166,10
2023-08-07,disaster,unmatched,,,"Bureya, Amurskaya Oblast', Russia",positive,https://www.firstpost.com/world/russia-to-evacuate-village-for-launch-of-first-lunar-lander-mission-in-half-century-12966612.html,url,045,10
2023-08-07,disaster,unmatched,,,"Lomonosov, Sankt-Peterburg, Russia",positive,https://newsinfo.inquirer.net/1813332/russia-to-evacuate-village-for-first-lunar-lander-mission-in-half-century,url,043,10
2023-08-07,disaster,unmatched,,,"Bureya, Amurskaya Oblast', Russia",positive,https://www.express.co.uk/news/world/1799526/Vladimir-Putin-evacuate-village-Russia-rocket-space,url,111,10
2023-08-07,disaster,unmatched,,,"Bureya, Amurskaya Oblast', Russia",positive,https://www.financialexpress.com/lifestyle/science/in-a-race-with-india-russia-to-evacuate-village-for-its-first-lunar-lander-mission-in-half-century-aims-to-land-on-moons-south-pole/3202204/,url,036,6
2023-08-07,disaster,unmatched,,,"Vostochny, Krasnodarskiy Kray, Russia",positive,http://www.hngn.com/articles/251062/20230807/russia-to-launch-first-lunar-lander-in-50-years-evacuates-village.htm,url,043,5
2023-08-08,disaster,unmatched,,,"Vostochny, Krasnodarskiy Kray, Russia",positive,https://news.yahoo.com/russia-evacuating-village-may-hit-121223902.html,url,036,10
2023-08-10,disaster,unmatched,,,"Yakutia, Sakha (Yakutiya), Russia",positive,https://www.dailymail.co.uk/news/article-12392223/Europe-weather-extreme-floods-Norway-Spain-record-temperatures.html,url,172,3
2023-08-12,disaster,unmatched,,,"Primorye, Permskiy Kray, Russia",positive,https://www.marketscreener.com/quote/currency/US-DOLLAR-RUSSIAN-ROUBL-2370597/news/Emergency-evacuations-in-parts-of-Russia-s-Far-East-in-typhoon-aftermath-44597544/,url,128,35
2023-08-12,disaster,unmatched,,,"Ussuriysk, Primorskiy Kray, Russia",positive,https://www.independent.co.uk/climate-change/news/storm-khanun-china-russia-evacuations-b2391996.html,url,128,7
2023-08-12,disaster,unmatched,,,"Ussuriysk, Primorskiy Kray, Russia",positive,https://www.financialexpress.com/world-news/typhoon-khanun-in-russia-triggers-floods-state-of-emergency-in-the-far-east-aftermath-explained-here/3208545/,url,073,5
2023-08-13,disaster,unmatched,,,"Primorye, Permskiy Kray, Russia",positive,https://news.yahoo.com/russia-cleans-typhoon-khanun-floods-000517334.html,url,030,260
2023-08-13,disaster,unmatched,,,"Moscow, Moskva, Russia",positive,https://article.wn.com/view/2023/08/13/Russia_cleans_up_after_Typhoon_Khanun_floods_thousands_of_ho_3/,url,010,40
2023-08-13,disaster,unmatched,,,"Primorye, Permskiy Kray, Russia",positive,https://newsinfo.inquirer.net/1815807/russia-cleans-up-after-typhoon-khanun-floods-thousands-of-homes,url,010,10
2023-08-13,disaster,unmatched,,,"Primorye, Permskiy Kray, Russia",positive,https://sputnikglobe.com/20230812/russian-emergencies-ministry-sends-specialists-to-primorye-amid-floods-1112559031.html,url,040,10
2023-08-14,disaster,unmatched,,,"Ussuriysk, Primorskiy Kray, Russia",positive,https://www.fijitimes.com/russia-cleans-up-after-typhoon-khanun-floods-thousands-of-homes/,url,010,30
2023-08-14,disaster,unmatched,,,"Primorye, Permskiy Kray, Russia",positive,https://www.usnews.com/news/world/articles/2023-08-14/russias-far-east-suffers-flooding-in-khanuns-wake-over-2-500-people-evacuated,url,160,3
2023-08-15,disaster,unmatched,,,"Primorye, Permskiy Kray, Russia",positive,https://www.thestatesman.com/world/russias-far-east-territory-declares-emergency-following-severe-flood-damage-1503212068.html,url,1724,3
2023-08-18,disaster,unmatched,,,"Kremlin, Moskva, Russia",positive,https://news.yahoo.com/thousands-office-workers-evacuated-moscow-132500877.html,url,160,10
2023-08-20,disaster,unmatched,,,"Kholodnaya, Kirovskaya Oblast', Russia",positive,https://www.newsweek.com/russia-dam-flooding-buryatia-billions-rubles-1821120,url,138,14
2023-08-21,disaster,unmatched,,,"Vanino, Ivanovskaya Oblast', Russia",positive,https://www.marketscreener.com/news/latest/Russia-restricts-eastward-cargo-on-Baikal-Amur-Mainline-after-flooding--44660828/,url,061,10
2023-08-21,disaster,unmatched,,,"Petersburg, Sankt-Peterburg, Russia",positive,https://www.caledonianrecord.com/news/national/hilary-drenched-deserts-and-flooded-roadways-in-california-now-its-threatening-oregon-and-idaho/article_18d2aea8-de9a-58d9-af04-80008c433b60.html,url,190,1
2023-08-22,disaster,unmatched,,,"Moscow, Moskva, Russia",positive,https://www.nzherald.co.nz/travel/tourists-drown-in-moscow-sewers-tour-during-russian-flash-floods/WAPSODGKX5DONCWVBFSCEF6NTA/,url,010,100
2023-08-22,disaster,unmatched,,,"Kerch Strait, Russia (general), Russia",positive,https://news.yahoo.com/russians-flood-ferries-kerch-strait-152316773.html,url,020,5
2023-08-22,disaster,unmatched,,,"Moscow, Moskva, Russia",positive,https://www.thejournal.ie/moscow-river-flooding-eight-dead-neglinnaya-6148619-Aug2023/,url,020,4
2023-08-23,disaster,unmatched,,,"Moskva, Moskva, Russia",positive,https://www.9news.com.au/world/tourists-killed-by-flooding-on-moscow-sewer-tour/e9c73da0-887a-4dbd-8cca-baadc18025e3,url,010,21
2023-08-23,disaster,unmatched,,,"Moscow, Moskva, Russia",positive,https://nypost.com/2023/08/22/eight-die-on-moscow-sewer-tour-after-being-trapped-during-flood/,url,010,12
2023-08-23,disaster,unmatched,,,"Moscow, Moskva, Russia",positive,https://www.channelnewsasia.com/world/eight-dead-moscow-tour-sewer-floods-3717576,url,020,11
2023-08-23,disaster,unmatched,,,"Kremlin, Moskva, Russia",positive,https://www.newsweek.com/wagner-plane-crash-sparks-flood-theories-about-prigozhins-death-1822027,url,020,2
2023-08-23,disaster,unmatched,,,"Belgorod, Belgorodskaya Oblast', Russia",positive,https://www.rferl.org/a/pakistan-floods-100-000-evacuated/32561185.html,url,190,2
2023-08-24,disaster,unmatched,,,"Moscow, Moskva, Russia",positive,https://www.rnz.co.nz/news/national/496512/new-zealand-embassy-in-moscow-not-evacuated-during-june-s-wagner-rebellion,url,010,10
2023-08-24,disaster,unmatched,,,"Moscow, Moskva, Russia",positive,https://www.nzherald.co.nz/nz/new-zealand-embassy-in-moscow-not-evacuated-during-junes-wagner-rebellion/XY6CDIP2LRFQVB7W6D7GFYYOJI/,url,120,10
2023-08-24,disaster,unmatched,,,"Primorye, Permskiy Kray, Russia",positive,https://www.newscentralasia.net/2023/08/24/turkmenistan-sends-40-tons-of-humanitarian-aid-to-the-russian-region-affected-by-floods-turkmen-ambassador-visited-vladivostok/,url,084,8
2023-08-28,disaster,unmatched,,,"Petersburg, Sankt-Peterburg, Russia",positive,https://www.wltx.com/article/weather/tampa-evacuations-hurricane-idalia-tropical-storm/67-8f4c2cc7-1b14-4d35-bf78-0cc641027cdf,url,100,10
2023-08-28,disaster,unmatched,,,"Petersburg, Sankt-Peterburg, Russia",positive,https://www.wqcs.org/wqcs-news/2023-08-28/some-gulf-coast-counties-have-issued-mandatory-evacuation-orders-for-some-residents-in-low-lying-areas,url,013,6
2023-08-29,disaster,unmatched,,,"Moscow, Moskva, Russia",positive,https://www.rferl.org/a/tajikistan-flash-floods-death-toll/32569317.html,url,193,36
2023-08-29,disaster,unmatched,,,"Preobrazhenka, Primorskiy Kray, Russia",positive,https://news.yahoo.com/reintegration-ministry-announces-forced-evacuation-122949450.html,url,020,20
2023-08-30,disaster,unmatched,,,"Petersburg, Sankt-Peterburg, Russia",positive,https://www.fox5atlanta.com/weather/tracking-hurricane-idalia-florida-landfall-flooding-storm-surge,url,073,30
2023-08-30,disaster,unmatched,,,"Rostov-On-Don, Rostovskaya Oblast', Russia",positive,https://www.rferl.org/a/tajikistan-flash-floods-death-toll-21/32571578.html,url,173,18
2023-08-30,disaster,unmatched,,,"Petersburg, Sankt-Peterburg, Russia",positive,https://www.fox13news.com/news/hurricane-idalia-second-round-of-high-tides-may-cause-additional-flooding,url,020,9
2023-08-30,disaster,unmatched,,,"Petersburg, Sankt-Peterburg, Russia",positive,https://www.cleveland.com/nation/2023/08/wednesdays-super-blue-moon-could-intensify-flooding-from-hurricane-idalia-by-making-tides-higher.html,url,130,4
2023-08-31,disaster,unmatched,,,"Petersburg, Sankt-Peterburg, Russia",positive,https://www.kob.com/news/us-and-world-news/tampa-bay-area-gets-serious-flooding-but-again-dodges-a-direct-hit-from-a-major-hurricane/,url,013,21
2023-08-31,disaster,unmatched,,,"Petersburg, Sankt-Peterburg, Russia",positive,https://www.wjcl.com/article/tampa-bay-serious-idalia-flooding-dodges-direct-hit/44965120,url,042,13
2023-08-31,disaster,unmatched,,,"Petersburg, Sankt-Peterburg, Russia",positive,https://www.newsday.com/news/nation/tampa-bay-area-gets-serious-flooding-but-again-dodges-a-direct-hit-from-a-major-hurricane-cdj9rhs8,url,010,12
2023-08-31,disaster,unmatched,,,"Petersburg, Sankt-Peterburg, Russia",positive,https://www.tampabay.com/hurricane/2023/08/30/idalia-tampa-bay-storm-surge-record-flood-st-petersburg-clearwater/,url,1712,12
2023-08-31,disaster,unmatched,,,"Petersburg, Sankt-Peterburg, Russia",positive,https://ktar.com/story/5534304/tampa-bay-area-gets-serious-flooding-but-again-dodges-a-direct-hit-from-a-major-hurricane/,url,010,10
2023-08-31,disaster,unmatched,,,"Petersburg, Sankt-Peterburg, Russia",positive,https://ktvz.com/news/2023/08/30/deadly-hurricane-idalia-pummels-florida-with-record-breaking-storm-surge-and-disastrous-flooding-now-georgia-and-carolinas-are-at-risk/,url,010,4
2023-08-31,disaster,unmatched,,,"Petersburg, Sankt-Peterburg, Russia",positive,https://www.tampabay.com/hurricane/2023/08/31/st-petersburgs-shore-acres-residents-battle-floods-fires-fatigue-after-idalia/,url,030,4
2023-08-31,disaster,unmatched,,,"Petersburg, Sankt-Peterburg, Russia",positive,https://www.bnnbloomberg.ca/hurricane-idalia-exposes-florida-s-dangerous-flood-insurance-gap-1.1965388,url,0874,1
2023-09-01,disaster,unmatched,,,"Petersburg, Sankt-Peterburg, Russia",positive,https://www.tampabay.com/hurricane/2023/08/31/6-tampa-bay-homes-caught-fire-after-idalia-why-flooding-may-be-blame/,url,1712,18
2023-09-01,disaster,unmatched,,,"Kedr, Sverdlovskaya Oblast', Russia",positive,https://www.themoscowtimes.com/2023/09/01/flash-floods-submerge-homes-roads-in-far-east-russia-a82328,url,1724,2
2023-09-01,disaster,unmatched,,,"Petersburg, Sankt-Peterburg, Russia",positive,https://abcnews.go.com/US/wireStory/tampa-bay-area-gets-flooding-dodges-direct-hit-104260641,url,010,2
2023-09-01,disaster,unmatched,,,"Petersburg, Sankt-Peterburg, Russia",positive,https://www.newstalkflorida.com/featured/tampa-bay-area-gets-serious-flooding-but-again-dodges-a-direct-hit-from-a-major-hurricane/,url,013,2
2023-09-04,disaster,unmatched,,,"Petersburg, Sankt-Peterburg, Russia",positive,https://www.sun-sentinel.com/2023/09/04/6-tampa-bay-homes-caught-fire-after-idalia-why-flooding-may-be-to-blame/,url,070,6
2023-09-05,disaster,unmatched,,,"Petersburg, Sankt-Peterburg, Russia",positive,https://www.wtsp.com/article/news/local/pinellascounty/flood-fire-shore-acres-hurricane-idalia/67-e69a8ca2-836a-4ae5-9660-62a4a0f0a72a,url,042,18
2023-09-07,disaster,unmatched,,,"Petersburg, Sankt-Peterburg, Russia",positive,https://news.yahoo.com/federal-programs-pay-elevate-flood-110000758.html,url,051,8
2023-09-07,disaster,unmatched,,,"Petersburg, Sankt-Peterburg, Russia",positive,https://www.fox13news.com/news/shore-acres-neighborhood-accounts-for-82-of-st-petes-flood-damages-from-hurricane-idalia,url,100,4
2023-09-08,disaster,unmatched,,,"Moscow, Moskva, Russia",positive,https://foreignpolicy.com/2023/09/08/china-climate-change-food-security-flood-agriculture/,url,012,5
2023-09-10,disaster,unmatched,,,"Moscow, Moskva, Russia",positive,https://foreignpolicy.com/2023/09/08/china-climate-change-food-security-flood-agriculture/?tpcc=recirc_trending062921,url,012,5
2023-09-11,disaster,unmatched,,,"Petersburg, Sankt-Peterburg, Russia",positive,https://www.abcactionnews.com/news/region-pinellas/st-pete-resident-renovating-home-after-idalia-flooding-suffers-devastating-house-fire-officials-say,url,042,12
2023-09-14,disaster,unmatched,,,"Kremlin, Moskva, Russia",positive,https://www.washingtonpost.com/world/2023/09/13/libya-floods-hifter-governments-aid/,url,046,6
2023-09-14,disaster,unmatched,,,"Petersburg, Sankt-Peterburg, Russia",positive,https://patch.com/florida/stpete/synagogue-evacuated-after-fake-bomb-threat-st-petersburg-police,url,1383,5
2023-09-14,disaster,unmatched,,,"Moscow, Moskva, Russia",positive,https://www.gdnonline.com/Details/1290985/EU-to-investigate-%E2%80%98flood%E2%80%99-of-Chinese-electric-cars,url,010,4
2023-09-16,disaster,unmatched,,,"Moscow, Moskva, Russia",positive,https://finance.yahoo.com/news/flood-russian-wheat-halves-world-050000105.html,url,080,68
2023-09-17,disaster,unmatched,,,"Moscow, Moskva, Russia",positive,https://mb.com.ph/2023/9/17/russia-sends-doctors-aid-to-flood-stricken-libya,url,060,10
2023-09-17,disaster,unmatched,,,"Moscow, Moskva, Russia",positive,https://www.tbsnews.net/bloomberg-special/flood-russian-wheat-halves-world-prices-wartime-high-701774,url,060,10
2023-09-18,disaster,unmatched,,,"Badya, Permskiy Kray, Russia",positive,https://www.aljazeera.com/news/2023/9/18/libya-floods-conflicting-death-tolls-greek-aid-workers-die-in-crash,url,010,3
2023-09-20,disaster,unmatched,,,"Moscow, Moskva, Russia",positive,https://www.streetinsider.com/Reuters/Cargo+ship+crew+evacuated+after+explosion+near+Romanian+Danube+port/22180398.html,url,0872,56
2023-09-20,disaster,unmatched,,,"Karabakh, Dagestan, Russia",positive,https://www.aa.com.tr/en/europe/russia-says-over-2-000-civilians-evacuated-from-karabakh/2996652,url,090,10
2023-09-23,disaster,unmatched,,,"Moscow, Moskva, Russia",positive,https://news.yahoo.com/aid-shipments-evacuations-azerbaijan-reasserts-190306496.html,url,175,184
2023-09-23,disaster,unmatched,,,"Moscow, Moskva, Russia",positive,https://www.ksat.com/news/world/2023/09/23/aid-shipments-and-evacuations-as-azerbaijan-reasserts-control-over-breakaway-province/,url,013,24
2023-09-23,disaster,unmatched,,,"Moscow, Moskva, Russia",positive,https://www.winnipegfreepress.com/world/2023/09/23/aid-shipments-and-evacuations-as-azerbaijan-reasserts-control-over-breakaway-province,url,0842,18
2023-09-23,disaster,unmatched,,,"Moscow, Moskva, Russia",positive,https://www.ctvnews.ca/world/aid-shipments-and-evacuations-as-azerbaijan-reasserts-control-over-breakaway-province-1.6574926,url,192,10
2023-09-23,disaster,unmatched,,,"Moscow, Moskva, Russia",positive,https://www.latimes.com/world-nation/story/2023-09-23/aid-shipments-and-evacuations-as-azerbaijan-reasserts-control-over-breakaway-province,url,080,3
2023-09-24,disaster,unmatched,,,"Moscow, Moskva, Russia",positive,https://www.clickondetroit.com/news/world/2023/09/23/aid-shipments-and-evacuations-as-azerbaijan-reasserts-control-over-breakaway-province/,url,073,48
2023-09-24,disaster,unmatched,,,"Moscow, Moskva, Russia",positive,https://www.france24.com/en/africa/20230924-russia-woos-haftar-but-can-the-derna-floods-give-libyans-another-chance,url,043,19
2023-09-24,disaster,unmatched,,,"Moscow, Moskva, Russia",positive,https://uk.finance.yahoo.com/news/russia-woos-haftar-derna-floods-124023443.html,url,042,9
2023-09-24,disaster,unmatched,,,"Moscow, Moskva, Russia",positive,"http://www.morningsun.net/stories/aid-shipments-and-evacuations-as-azerbaijan-reasserts-control-over-breakaway-province,91512",url,140,8
2023-09-24,disaster,unmatched,,,"Karabakh, Dagestan, Russia",positive,https://www.nna-leb.gov.lb/en/international/641962/residents-of-two-villages-in-karabakh-evacuated-to,url,043,2
2023-09-26,disaster,unmatched,,,"Moscow, Moskva, Russia",positive,https://www.newarab.com/news/libya-warlord-haftar-visits-moscow-amid-flood-aftermath,url,042,10
2023-09-26,disaster,unmatched,,,"Petersburg, Sankt-Peterburg, Russia",positive,https://www.fox13news.com/news/tropical-storm-helene-flooding-prone-shore-acres-prepares-home-hardening-expert,url,1711,4
2023-09-29,disaster,unmatched,,,"Kremlin, Moskva, Russia",positive,https://www.zerohedge.com/geopolitical/bomb-threat-forces-evacuation-russian-orthodox-seminary-monastery-new-york,url,090,28
2023-09-30,disaster,unmatched,,,"Karabakh, Dagestan, Russia",positive,https://www.telegraph.co.uk/world-news/2023/09/30/armenia-eu-nagorno-karabakh-refugees-flood/,url,020,5
2023-10-01,disaster,unmatched,,,"Moscow, Moskva, Russia",positive,https://www.spokanepublicradio.org/2023-09-30/in-libya-the-struggle-to-recover-from-massive-flooding,url,161,8
2023-10-03,disaster,unmatched,,,"Moscow, Moskva, Russia",positive,https://www.france24.com/en/live-news/20231003-libya-flood-relief-hampered-by-turf-wars-and-division,url,043,8
2023-10-04,disaster,unmatched,,,"Kremlin, Moskva, Russia",positive,https://www.skynews.com.au/world-news/russia-prepares-for-nuclear-ultimatum-with-mass-evacuation-drills-as-vladimir-putin-is-urged-to-resume-testing-bombs/news-story/b5d66f038c42f702639d567936e9d14c,url,010,10
2023-10-04,disaster,unmatched,,,"Moscow, Moskva, Russia",positive,https://www.modernghana.com/news/1263280/libya-flood-relief-hampered-by-turf-wars-and.html,url,043,8
2023-10-04,disaster,unmatched,,,"Moscow, Moskva, Russia",positive,https://mirrorspectator.com/2023/10/04/national-assembly-ratifies-rome-statute-as-artsakh-refugees-flood-into-armenia/,url,100,6
2023-10-04,disaster,unmatched,,,"Tokmak, Saratovskaya Oblast', Russia",positive,https://menafn.com/1107187316/Russian-Officers-Evacuate-Their-Families-From-Tokmak-Fedorov,url,073,5
2023-10-07,disaster,unmatched,,,"Moscow, Moskva, Russia",positive,https://arynews.tv/al-aqsa-flood-russia-calls-for-immediate-ceasefire-in-gaza/,url,0256,17
2023-10-09,disaster,unmatched,,,"Moscow, Moskva, Russia",positive,https://www.newarab.com/analysis/after-libyas-floods-russia-throws-its-weight-behind-haftar,url,043,9
2023-10-09,disaster,unmatched,,,"Kremlin, Moskva, Russia",positive,https://www.hindustantimes.com/world-news/myanmar-floods-heavy-flooding-in-myanmar-displaces-more-than-10-000-people-101696846989320.html,url,040,4
2023-10-10,disaster,unmatched,,,"Moscow, Moskva, Russia",positive,https://www.reuters.com/world/europe/miners-being-evacuated-after-fire-evraz-owned-mine-russia-2023-10-10/,url,190,40
2023-10-10,disaster,unmatched,,,"Moscow, Moskva, Russia",positive,http://www.1prime.biz/news/_Yerunakovskaya-8_coal_mine_on_fire_workers_evacuated/0/%7BCD3CB33F-EECE-4F73-83DE-78CFF2D2CE74%7D.uif,url,160,10
2023-10-10,disaster,unmatched,,,"Moscow, Moskva, Russia",positive,https://www.usnews.com/news/world/articles/2023-10-10/miners-being-evacuated-after-fire-at-evraz-owned-mine-in-russia,url,160,10
2023-10-10,disaster,unmatched,,,"Ulyanovskaya, Arkhangel'skaya Oblast', Russia",positive,https://www.saltwire.com/halifax/news/world/miners-being-evacuated-after-fire-at-evraz-owned-mine-in-russia-100899911/,url,190,10
2023-10-10,disaster,unmatched,,,"Moscow, Moskva, Russia",positive,https://www.agcnews.eu/israel-iron-swords-vs-al-aqsa-flood-foreign-dressing-of-the-arab-palestinian-revolution/,url,100,8
2023-10-12,disaster,unmatched,,,"Petersburg, Sankt-Peterburg, Russia",positive,https://www.tampabay.com/weather/2023/10/12/tampa-bay-tornado-storm-flood-water-high-tide/,url,130,10
2023-10-12,disaster,unmatched,,,"Moscow, Moskva, Russia",positive,https://www.themoscowtimes.com/2023/10/12/400-russians-seek-evacuation-from-besieged-gaza-strip-a82748,url,160,3
2023-10-12,disaster,unmatched,,,"Moscow, Moskva, Russia",positive,https://www.sott.net/article/485071-The-geopolitics-of-Al-Aqsa-Flood,url,138,1
2023-10-13,disaster,unmatched,,,"Moscow, Moskva, Russia",positive,https://dunyanews.tv/en/World/762348-Israel-orders-evacuation-of-1-1-million-in-north-Gaza-within-24-hours-s,url,010,8
2023-10-13,disaster,unmatched,,,"Petersburg, Sankt-Peterburg, Russia",positive,https://insurancenewsnet.com/oarticle/tampa-bay-area-sees-higher-than-usual-tides-some-flooding,url,012,5
2023-10-13,disaster,unmatched,,,"Leningrad, Sankt-Peterburg, Russia",positive,https://timesofmalta.com/articles/view/world-concern-israel-gaza-evacuation-order.1061139,url,010,3
2023-10-14,disaster,unmatched,,,"Leningrad, Sankt-Peterburg, Russia",positive,https://www.thedailystar.net/news/world/israel-hamas-war/news/thousands-flee-north-gaza-after-israel-evacuation-warning-3442686,url,138,62
2023-10-14,disaster,unmatched,,,"Ingushetia, Chechnya and Ingushetiya, Russia",positive,https://nypost.com/2023/10/14/louvre-versailles-evacuated-day-after-french-teacher-stabbed/,url,043,10
2023-10-14,disaster,unmatched,,,"Ingushetia, Chechnya and Ingushetiya, Russia",positive,https://www.scmp.com/news/world/europe/article/3237980/louvre-museum-and-versailles-palace-evacuated-after-bomb-threats-france-alert,url,042,5
2023-10-14,disaster,unmatched,,,"Leningrad, Sankt-Peterburg, Russia",positive,https://english.mathrubhumi.com/news/world/thousands-flee-north-gaza-after-israel-evacuation-warning-1.8985940,url,1123,4
2023-10-14,disaster,unmatched,,,"Leningrad, Sankt-Peterburg, Russia",positive,https://www.daily-sun.com/post/717278/Thousands-flee-north-Gaza-after-Israel-evacuation-warning,url,138,3
2023-10-14,disaster,unmatched,,,"Leningrad, Sankt-Peterburg, Russia",positive,https://www.dhakatribune.com/world/middle-east/327962/thousands-flee-north-gaza-after-israel-evacuation,url,1123,3
2023-10-15,disaster,unmatched,,,"Ingushetia, Chechnya and Ingushetiya, Russia",positive,https://www.brisbanetimes.com.au/world/europe/france-on-alert-louvre-versailles-major-station-evacuated-after-bomb-threats-20231015-p5eccd.html,url,043,40
2023-10-15,disaster,unmatched,,,"Moscow, Moskva, Russia",positive,https://hardwoodparoxysm.com/israel-hamas-todays-news-israel-major-operations-do-not-take-place-until-civilians-are-evacuated-wall-street-journal-egypt-does-not-open-a-corridor-for-american-citizens-fl/,url,0256,16
2023-10-19,disaster,unmatched,,,"Petersburg, Sankt-Peterburg, Russia",positive,https://patch.com/florida/stpete/st-pete-kosher-deli-provides-meals-300-evacuated-israel,url,043,5
2023-10-20,disaster,unmatched,,,"Petersburg, Sankt-Peterburg, Russia",positive,https://www.tampabay.com/news/2023/10/20/shore-acres-hurricane-idalia-damage-house-flooding/,url,042,8
2023-10-27,disaster,unmatched,,,"Moscow, Moskva, Russia",positive,https://timesofindia.indiatimes.com/world/europe/russian-president-vladimir-putin-not-dead-no-coup-underway-in-moscow-kremlin-denies-flood-of-rumours/articleshow/104751751.cms,url,016,5
2023-10-29,disaster,unmatched,,,"Makhachkala, Dagestan, Russia",positive,https://www.foxnews.com/world/pro-palestinian-rioters-storm-russian-airport-flood-runway-looking-israeli-flight-officials,url,010,12
2023-10-30,disaster,unmatched,,,"Makhachkala, Dagestan, Russia",positive,https://www.wgmd.com/pro-palestinian-rioters-storm-russian-airport-flood-runway-looking-for-israeli-flight-officials/,url,070,20
2023-10-30,disaster,unmatched,,,"Khasavyurt, Dagestan, Russia",positive,https://humanevents.com:443/2023/10/30/pro-hamas-lynch-mob-floods-russian-airport-searching-for-israeli-tourists,url,090,6
2023-10-31,disaster,unmatched,,,"Jewish Autonomous Oblast, Yevreyskaya Avtonomnaya Oblast', Russia",positive,https://sfbayview.com/2023/10/operation-al-aqsa-flood-palestine-israel-and-resistance/,url,100,2
2023-11-01,disaster,unmatched,,,"Moscow, Moskva, Russia",positive,https://www.thetimes.co.uk/article/tips-flood-in-on-2018-murders-since-death-of-wagner-group-chief-w80cnnx66,url,112,5
2023-11-09,disaster,unmatched,,,"Moscow, Moskva, Russia",positive,https://www.themoscowtimes.com/2023/11/09/moscow-shocked-by-timeline-to-evacuate-russians-from-gaza-a83048,url,174,16
2023-11-09,disaster,unmatched,,,"Moscow, Moskva, Russia",positive,https://www.zawya.com/en/world/middle-east/moscow-shocked-by-timeline-to-evacuate-russians-from-gaza-gozrt5jy,url,013,9
2023-11-09,disaster,unmatched,,,"Moscow, Moskva, Russia",positive,https://www.lbcgroup.tv/news/middleeastnews/733816/russia-shocked-by-the-delay-in-evacuating-its-citi/en,url,012,2
2023-11-12,disaster,unmatched,,,"Moscow, Moskva, Russia",positive,https://www.voanews.com/a/russia-begins-evacuating-its-nationals-from-gaza-/7351930.html,url,060,15
2023-11-12,disaster,unmatched,,,"Moscow, Moskva, Russia",positive,https://mb.com.ph/2023/11/12/russia-evacuated-over-70-citizen-from-gaza-into-egypt,url,160,6
2023-11-12,disaster,unmatched,,,"Moscow, Moskva, Russia",positive,https://www.themoscowtimes.com/2023/11/12/russia-begins-evacuating-citizens-from-gaza-strip-a83079,url,073,5
2023-11-13,disaster,unmatched,,,"Moscow, Moskva, Russia",positive,https://www.dawn.com/news/1788849/500-dual-nationals-leave-for-egypt-as-evacuations-resume,url,051,16
2023-11-13,disaster,unmatched,,,"Moscow, Moskva, Russia",positive,https://www.middleeaststar.com/news/274030766/russia-begins-evacuating-its-nationals-from-gaza,url,020,12
2023-11-13,disaster,unmatched,,,"Moscow, Moskva, Russia",positive,https://www.aa.com.tr/en/europe/1st-group-of-russian-citizens-evacuated-from-gaza-strip-leaves-for-moscow/3052636,url,043,10
2023-11-14,disaster,unmatched,,,"Moscow, Moskva, Russia",positive,https://www.themoscowtimes.com/2023/11/14/in-photos-first-russians-evacuated-from-gaza-land-in-moscow-a83101,url,192,2
2023-11-15,disaster,unmatched,,,"Moscow, Moskva, Russia",positive,https://www.postandcourier.com/aikenstandard/aikenstandard/news/nation/palestinians-call-for-evacuating-gazas-largest-hospital/article_ad76edc6-29cb-51a0-9490-ebce8602b41c.html,url,172,10
2023-11-15,disaster,unmatched,,,"Moscow, Moskva, Russia",positive,https://www.rbth.com/arts/336827-saved-frescoes-flooded-monastery-ussr,url,130,8
2023-11-19,disaster,unmatched,,,"Moscow, Moskva, Russia",positive,https://www.israelherald.com/news/274038738/moscow-provides-update-on-evacuation-of-russians-from-gaza,url,0256,42
2023-11-19,disaster,unmatched,,,"Moscow, Moskva, Russia",positive,https://www.usnews.com/news/world/articles/2023-11-18/more-than-550-russians-evacuated-from-gaza-so-far-russia,url,160,26
2023-11-19,disaster,unmatched,,,"Moscow, Moskva, Russia",positive,https://www.devdiscourse.com/article/business/2717609-more-than-550-russians-evacuated-from-gaza-so-far---russia,url,160,20
2023-11-19,disaster,unmatched,,,"Moscow, Moskva, Russia",positive,https://www.foxnews.com/world/finland-accuses-russia-flooding-borders-middle-eastern-migrants-retaliation-cooperation-us,url,120,12
2023-11-19,disaster,unmatched,,,"Moscow, Moskva, Russia",positive,https://news.yahoo.com/finland-accuses-russia-flooding-borders-191322736.html,url,112,8
2023-11-20,disaster,unmatched,,,"Moscow, Moskva, Russia",positive,https://www.middleeaststar.com/news/274038738/moscow-provides-update-on-evacuation-of-russians-from-gaza,url,020,72
2023-11-20,disaster,unmatched,,,"Kremlin, Moskva, Russia",positive,https://www.wgmd.com/finland-accuses-russia-of-flooding-borders-with-middle-eastern-migrants-in-retaliation-for-cooperation-with-us/,url,112,22
2023-11-20,disaster,unmatched,,,"Kremlin, Moskva, Russia",positive,https://timesofindia.indiatimes.com/world/europe/russia-flooding-borders-with-middle-eastern-migrants-finland/articleshow/105362921.cms,url,042,10
2023-11-20,disaster,unmatched,,,"Moscow, Moskva, Russia",positive,https://www.ansa.it/sito/photogallery/primopiano/2023/11/20/cittadini-evacuati-da-gaza_5b0565e0-2fdb-4113-959c-ed788b2ddf04.html,url,160,6
2023-11-21,disaster,unmatched,,,"Pokrovka, Sakha (Yakutiya), Russia",positive,https://news.yahoo.com/evacuation-route-opens-sumy-oblast-212000021.html,url,190,3
2023-11-22,disaster,unmatched,,,"Zakharova, Krasnoyarskiy Kray, Russia",positive,https://www.bolnews.com/international/2023/11/philippines-faces-deluge-1-died-43000-evacuated-in-floods/,url,130,8
2023-11-27,disaster,unmatched,,,"Moscow, Moskva, Russia",positive,https://actmedia.eu/financial-and-banking/governor-isarescu-about-the-history-of-evacuated-gold-treasure-deposited-in-moscow-in-1916-1917/106104,url,1711,10
2023-11-28,disaster,unmatched,,,"Anapa, Krasnodarskiy Kray, Russia",positive,https://www.hellenicshippingnews.com/storm-in-black-sea-floods-azov-port-delays-grain-shipments/,url,043,7
2023-11-29,disaster,unmatched,,,"Moscow, Moskva, Russia",positive,https://www.nysun.com/article/flooded-by-asylum-seekers-from-russia-finland-shuts-its-eastern-border-for-two-weeks,url,154,8
2023-12-03,disaster,unmatched,,,"Moscow, Moskva, Russia",positive,https://www.japanherald.com/news/274053238/russian-snow-crab-imports-flood-japanese-market-media,url,061,100
2023-12-05,disaster,unmatched,,,"Lomonosov, Sankt-Peterburg, Russia",positive,https://sputnikglobe.com/20231205/environmentalists-gazas-water-farmland-will-be-unusable-if-idf-floods-tunnels-with-seawater-1115413868.html,url,051,8
2023-12-12,disaster,unmatched,,,"Petersburg, Sankt-Peterburg, Russia",positive,https://www.fox13news.com/news/suspicious-package-that-caused-evacuation-at-bay-pines-va-hospital-not-a-threat-officials-say,url,012,10
2023-12-17,disaster,unmatched,,,"Petersburg, Sankt-Peterburg, Russia",positive,https://www.tampabay.com/news/st-petersburg/2023/12/17/tampa-bay-flooding-shore-acres-beaches/,url,012,14
2023-12-17,disaster,unmatched,,,"Petersburg, Sankt-Peterburg, Russia",positive,https://www.wtsp.com/article/news/local/coastal-flooding-tampa-bay-area/67-5fa0c725-ef67-47db-9a3d-b41cb908cd20,url,010,6
2023-12-17,disaster,unmatched,,,"Petersburg, Sankt-Peterburg, Russia",positive,https://www.fox13news.com/news/flooding-in-shore-acres-after-severe-weather-sweeps-through-bay-area,url,012,2
2023-12-18,disaster,unmatched,,,"Moscow, Moskva, Russia",positive,https://www.russiaherald.com/news/274068844/all-russians-evacuated-from-gaza-strip,url,080,14
2023-12-18,disaster,unmatched,,,"Petersburg, Sankt-Peterburg, Russia",positive,https://news.yahoo.com/flooding-st-petersburg-neighborhoods-likely-202900164.html,url,010,10
2023-12-18,disaster,unmatched,,,"Sverdlovskiy, Sverdlovskaya Oblast', Russia",positive,"https://akipress.com/news:749497:Students_evacuated_from_3_schools,_university_in_Bishkek_over_bomb_threat/",url,1383,4
2023-12-18,disaster,unmatched,,,"Petersburg, Sankt-Peterburg, Russia",positive,https://www.abcactionnews.com/news/region-pinellas/storm-surge-causes-flooding-in-st-pete-neighborhoods-after-weekend-storm,url,192,4
2023-12-19,disaster,unmatched,,,"Moscow, Moskva, Russia",positive,https://www.dailynewsegypt.com/2023/12/19/all-russians-evacuated-from-gaza-strip-relief-mission-concludes/,url,160,23
2023-12-19,disaster,unmatched,,,"Petersburg, Sankt-Peterburg, Russia",positive,https://www.abcactionnews.com/news/region-pinellas/st-pete-neighborhoods-dealing-with-cleanup-after-yet-another-flood-event,url,010,8
2023-12-19,disaster,unmatched,,,"Petersburg, Sankt-Peterburg, Russia",positive,https://www.tampabay.com/news/st-petersburg/2023/12/18/flooding-st-petersburg-neighborhoods-likely-not-fema-disaster/,url,042,4
2023-12-21,disaster,unmatched,,,"Petersburg, Sankt-Peterburg, Russia",positive,https://www.wtsp.com/article/news/local/pinellascounty/shore-acres-flood/67-391d1f5b-e71c-4e36-a54d-0d72d7a3159c,url,027,10
2023-12-21,disaster,unmatched,,,"Lugansk, Novosibirskaya Oblast', Russia",positive,https://www.bignewsnetwork.com/news/274072465/deadly-virus-outbreak-triggers-mass-train-evacuation,url,043,3
2023-12-22,disaster,unmatched,,,"Lugansk, Novosibirskaya Oblast', Russia",positive,https://legitgov.org/index.php/2023/12/21/deadly-virus-outbreak-triggers-mass-train-evacuation/,url,043,3
2023-12-24,disaster,unmatched,,,"Belgorod, Belgorodskaya Oblast', Russia",positive,https://news.yahoo.com/residents-evacuated-19-villages-northern-191047387.html,url,160,10
2023-12-25,disaster,unmatched,,,"Kremlin, Moskva, Russia",positive,https://news.yahoo.com/mud-bullets-retaking-labyrinth-flooded-083901492.html,url,080,4
2023-12-28,disaster,unmatched,,,"Chelyabinsk, Chelyabinskaya Oblast', Russia",positive,https://www.sfgate.com/news/world/article/ap-concludes-at-least-hundreds-died-in-floods-18577550.php,url,073,361
2023-12-28,disaster,unmatched,,,"Kakhovka, Amurskaya Oblast', Russia",positive,https://www.thecourier.co.uk/news/uk-world/4852087/russia-vastly-and-deliberately-undercounted-dam-flooding-deaths-probe-finds/,url,013,60
2023-12-28,disaster,unmatched,,,"Chelyabinsk, Chelyabinskaya Oblast', Russia",positive,https://www.newstimes.com/news/world/article/ap-concludes-at-least-hundreds-died-in-floods-18577550.php,url,112,8
2024-01-03,disaster,unmatched,,,"Petersburg, Sankt-Peterburg, Russia",positive,https://www.smdailyjournal.com/news/world/extreme-cold-grips-nordic-countries-as-floods-hit-western-europe/article_cf6072fb-33a4-5cbf-9818-c8bc46bf97f5.html,url,130,110
2024-01-03,disaster,unmatched,,,"Nizhneangarsk, Krasnoyarskiy Kray, Russia",positive,https://www.hindustantimes.com/world-news/379-people-fled-japan-plane-before-flames-engulfed-it-other-miracle-evacuations-101704298328302.html,url,042,5
2024-01-03,disaster,unmatched,,,"Moscow, Moskva, Russia",positive,https://www.idahopress.com/news/world/extreme-cold-grips-nordic-countries-russia-as-floods-hit-western-europe/article_1115705f-6672-5120-b2eb-2a89b34f242b.html,url,070,5
2024-01-04,disaster,unmatched,,,"Moscow, Moskva, Russia",positive,https://santamariatimes.com/news/world/extreme-cold-grips-nordic-countries-russia-as-floods-hit-western-europe/article_f3cdacd1-3ff7-5e64-899c-7ad00ee2915b.html,url,070,45
2024-01-04,disaster,unmatched,,,"Petersburg, Sankt-Peterburg, Russia",positive,https://www.arkansasonline.com/news/2024/jan/04/flooding-gales-deep-cold-assail-europe/,url,012,5
2024-01-06,disaster,unmatched,,,"Moscow, Moskva, Russia",positive,https://www.salemnews.com/news/extreme-cold-grips-nordic-countries-as-floods-hit-western-europe/article_70edaeb8-94fb-554a-abaa-f1faebc5cab6.html,url,070,6
2024-01-08,disaster,unmatched,,,"Moscow, Moskva, Russia",positive,https://news.yahoo.com/russia-evacuates-hundreds-border-city-110713532.html,url,160,26
2024-01-09,disaster,unmatched,,,"Petersburg, Sankt-Peterburg, Russia",positive,https://www.wtsp.com/article/weather/flooding-st-pete-storm-riviera-bay/67-a92bafa7-4c7b-4bdb-9891-5b937e1144a1,url,010,10
2024-01-10,disaster,unmatched,,,"Belgorod, Belgorodskaya Oblast', Russia",positive,https://news.yahoo.com/nowhere-safe-russian-city-evacuates-153521569.html,url,160,70
2024-01-10,disaster,unmatched,,,"Petersburg, Sankt-Peterburg, Russia",positive,https://news.yahoo.com/shore-acres-residents-fed-flooding-110730181.html,url,071,16
2024-01-10,disaster,unmatched,,,"Petersburg, Sankt-Peterburg, Russia",positive,https://www.fox13news.com/news/shore-acres-residents-fed-up-with-flooding-take-matters-into-their-own-hands-we-need-solutions,url,040,2
2024-01-11,disaster,unmatched,,,"Moscow, Moskva, Russia",positive,https://www.themoscowtimes.com/2024/01/11/boiling-water-floods-streets-of-novosibirsk-leaves-residents-without-heat-a83691,url,090,10
2024-01-11,disaster,unmatched,,,"Moscow, Moskva, Russia",positive,https://www.themoscowtimes.com/2024/01/11/activists-evacuate-dogs-from-russias-buryatia-over-euthanization-law-a83690,url,081,10
2024-01-11,disaster,mo,городской округ город Новосибирск,^городской\ округ\ город\ Новосибирск$,"Novosibirsk, Novosibirskaya Oblast', Russia",positive,https://www.dailymail.co.uk/news/article-12950943/Frozen-Russian-city-floods-central-heating-pipe-BURSTS-torrent-water-street-authorities-criminal-investigation.html,url,010,10
2024-01-11,disaster,mo,городской округ город Новосибирск,^городской\ округ\ город\ Новосибирск$,"Novosibirsk, Novosibirskaya Oblast', Russia",positive,https://www.mirror.co.uk/news/world-news/russian-city-floods-after-soviet-31860837,url,031,5
2024-01-13,disaster,unmatched,,,"Petersburg, Sankt-Peterburg, Russia",positive,https://www.wtsp.com/article/news/local/pinellascounty/flood-affordable-protection-florida-shore-acres/67-41e8dc48-aab1-4150-9332-afee60587628,url,027,6
2024-01-15,disaster,unmatched,,,"Zapolyarnaya, Kurganskaya Oblast', Russia",positive,https://www.saltwire.com/prince-edward-island/news/world/one-killed-in-flood-at-mine-in-russias-arctic-north-emergency-services-100928701/,url,190,10
2024-01-15,disaster,unmatched,,,"Zapolyarnaya, Kurganskaya Oblast', Russia",positive,https://www.miningweekly.com/article/one-killed-in-flood-at-mine-in-russias-arctic-north-2024-01-15,url,193,6
2024-01-25,disaster,unmatched,,,"Moscow, Moskva, Russia",positive,https://libertynewsnow.com/obamas-russian-chaos-explained-kremlin-sends-plane-evacuate-96-russians/article6489,url,084,10
2024-01-28,disaster,unmatched,,,"Vavilov, Komi, Russia",positive,https://www.eastidahonews.com/2024/01/russia-fires-a-top-geneticist-who-claimed-people-could-live-to-900-before-sins-caused-biblical-flood/,url,042,8
2024-01-30,disaster,unmatched,,,"Marinka, Tul'skaya Oblast', Russia",positive,https://menafn.com/1107784110/Forced-Evacuation-Announced-In-Two-More-Communities-Of-Donetsk-Region,url,160,10
2024-01-31,disaster,unmatched,,,"Belgorod, Belgorodskaya Oblast', Russia",positive,https://www.postandcourier.com/aikenstandard/aikenstandard/news/nation/south-africa-evacuates-small-coastal-communities-near-cape-town-as-wildfires-burn-out-of-control/article_b6841521-ca99-5709-9bad-1c2881114b03.html,url,194,18
2024-02-02,disaster,unmatched,,,"Belgorod, Belgorodskaya Oblast', Russia",positive,https://eng.obozrevatel.com/section-war/news-russian-plane-lost-a-bomb-again-this-time-in-occupied-luhansk-region-evacuation-was-necessary-02-02-2024.html,url,195,10
2024-02-06,disaster,unmatched,,,"Moscow, Moskva, Russia",positive,http://www.ruthfullyyours.com/2024/02/06/biden-opened-the-floodgates-of-hell-by-gordon-g-chang/,url,120,10
2024-02-09,disaster,unmatched,,,"Kremlin, Moskva, Russia",positive,https://www.dailymail.co.uk/news/article-13063905/Huge-fire-Moscow-hundreds-evacuated-Vladimir-Putins-Tucker-Carlson.html,url,057,2
2024-02-11,disaster,unmatched,,,"Moscow, Moskva, Russia",positive,https://www.wnd.com/2024/02/warning-sounded-biden-opened-floodgates/,url,120,6
2024-02-12,disaster,unmatched,,,"Marinka, Tul'skaya Oblast', Russia",positive,https://news.yahoo.com/white-angel-group-evacuate-mother-171014507.html,url,160,4
2024-02-13,disaster,unmatched,,,"Petersburg, Sankt-Peterburg, Russia",positive,https://www.wtsp.com/article/news/local/pinellascounty/st-pete-storm-damage-flooding-contact-representatives/67-c16ba592-dfd9-4054-818f-64f717109602,url,010,20
2024-02-13,disaster,unmatched,,,"Petersburg, Sankt-Peterburg, Russia",positive,https://www.fox13news.com/news/st-pete-community-shore-acres-flooding-hurricane-idalia-weather-storm-rain,url,036,10
2024-02-14,disaster,unmatched,,,"Petersburg, Sankt-Peterburg, Russia",positive,https://www.tampabay.com/news/st-petersburg/2024/02/14/st-petersburgs-flood-prone-neighborhoods-fear-every-time-it-rains/,url,018,20
2024-02-14,disaster,unmatched,,,"Petersburg, Sankt-Peterburg, Russia",positive,https://www.wtsp.com/article/news/local/pinellascounty/st-pete-flooding-neighborhoods/67-60b7d4d7-7228-4b49-acc6-62848a9abe4c,url,012,5
2024-02-26,disaster,unmatched,,,"Moscow, Moskva, Russia",positive,https://www.novinite.com/articles/224445/Exodus:+Surge+in+Russian+Asylum+Seekers+Floods+South+Korea,url,120,10
2024-02-26,disaster,unmatched,,,"Moscow, Moskva, Russia",positive,https://www.bignewsnetwork.com/news/274138622/exodus-surge-in-russian-asylum-seekers-floods-south-korea,url,020,6
2024-03-02,disaster,unmatched,,,"Krasnogvardeyskiy, Ryazanskaya Oblast', Russia",positive,https://www.thestar.com.my/news/world/2024/03/02/two-buildings-damaged-people-evacuated-after-039incident039-in-russia039s-st-petersburg-governor-says,url,010,42
2024-03-03,disaster,unmatched,,,"Bakhmut, Nizhegorodskaya Oblast', Russia",positive,https://www.usnews.com/news/world/articles/2024-03-02/two-buildings-damaged-people-evacuated-after-incident-in-russias-st-petersburg-governor-says,url,090,8
2024-03-10,disaster,unmatched,,,"Kremlin, Moskva, Russia",positive,https://time.com/archive/6884773/russia-evacuating-the-kremlin/,url,192,14
2024-03-11,disaster,unmatched,,,"Moscow, Moskva, Russia",positive,https://english.aawsat.com/opinion/4904431-plane-hijacker-%E2%80%98architect-flood%E2%80%99,url,033,8
2024-03-14,disaster,unmatched,,,"Belgorod, Belgorodskaya Oblast', Russia",positive,https://article.wn.com/view/2024/03/14/Russian_Authorities_Blocking_Evacuation_Of_Civilians_From_Be/,url,120,10
2024-03-16,disaster,unmatched,,,"Belgorod, Belgorodskaya Oblast', Russia",positive,https://www.euronews.com/2024/03/16/approximately-200-evacuated-from-northern-sumy-oblast,url,190,8
2024-03-16,disaster,unmatched,,,"Moscow, Moskva, Russia",positive,https://www.yahoo.com/news/evacuation-civilians-continues-sumy-oblast-054616865.html,url,193,3
2024-03-18,disaster,unmatched,,,"Moscow, Moskva, Russia",positive,https://www.dailysignal.com/2024/03/18/biden-sets-record-for-most-embassy-evacuations/,url,013,6
2024-03-19,disaster,unmatched,,,"Moscow, Moskva, Russia",positive,https://www.wnd.com/2024/03/biden-presides-record-breaking-number-embassy-evacuations/,url,013,6
2024-03-21,disaster,unmatched,,,"Kremlin, Moskva, Russia",positive,https://uk.news.yahoo.com/anti-migrant-misinformation-floods-bulgaria-083014647.html,url,010,15
2024-03-21,disaster,unmatched,,,"Kremlin, Moskva, Russia",positive,https://www.barrons.com/news/anti-migrant-misinformation-floods-bulgaria-ahead-of-schengen-entry-3a4ae79d,url,150,10
2024-03-22,disaster,unmatched,,,"Moscow, Moskva, Russia",positive,https://www.rferl.org/a/kyrgyzstan-flooding-bishkek/32873062.html,url,013,20
2024-03-22,disaster,unmatched,,,"Petersburg, Sankt-Peterburg, Russia",positive,https://www.wtsp.com/article/news/local/pinellascounty/flooding-shore-acres-prevention/67-a6a2ef25-bac5-4035-b6db-cdaed5258fdb,url,190,10
2024-03-22,disaster,unmatched,,,"Moscow, Moskva, Russia",positive,https://www.bnnbloomberg.ca/moscow-region-concert-venue-evacuated-due-to-shooting-tass-says-1.2050604,url,190,6
2024-03-25,disaster,unmatched,,,"Moscow, Moskva, Russia",positive,https://saharareporters.com/2024/03/25/visitors-evacuated-mall-russias-saint-petersburg-after-bomb-threat-suspect-arrested,url,1383,7
2024-03-26,disaster,unmatched,,,"Kremlin, Moskva, Russia",positive,https://www.dailymail.co.uk/news/article-13239309/Russian-soldier-auctions-knife-used-cut-ISIS-terrorists-ear-flooded-bids.html,url,190,1
2024-04-04,disaster,mo,городской округ город Оренбург,^городской\ округ\ город\ Оренбург$,"Orenburg, Orenburgskaya Oblast', Russia",positive,https://www.aa.com.tr/en/world/authorities-declare-state-of-emergency-in-russias-orenburg-region-over-flooding/3183388,url,1724,10
2024-04-05,disaster,mo,городской округ город Оренбург,^городской\ округ\ город\ Оренбург$,"Orenburg, Orenburgskaya Oblast', Russia",positive,"https://www.streetinsider.com/Reuters/Dam+bursts+amid+flooding+in+Russias+Urals,+evacuation+underway,+emergency+services+say/23034538.html",url,010,138
2024-04-05,disaster,mo,городской округ город Орск,^городской\ округ\ город\ Орск$,"Orsk, Orenburgskaya Oblast', Russia",positive,https://www.thestar.com.my/news/world/2024/04/06/dam-breach-in-russia039s-orsk-triggers-mass-evacuation,url,128,48
2024-04-05,disaster,mo,городской округ город Орск,^городской\ округ\ город\ Орск$,"Orsk, Orenburgskaya Oblast', Russia",positive,https://www.devdiscourse.com/article/science-environment/2879546-mayor-of-russias-orenburg-orders-evacuations-amid-critical-flooding,url,128,32
2024-04-05,disaster,mo,городской округ город Оренбург,^городской\ округ\ город\ Оренбург$,"Orenburg, Orenburgskaya Oblast', Russia",positive,https://www.plenglish.com/news/2024/04/05/emergencies-ministry-addresses-floods-in-36-russian-regions/,url,010,10
2024-04-05,disaster,mo,городской округ город Орск,^городской\ округ\ город\ Орск$,"Orsk, Orenburgskaya Oblast', Russia",positive,https://www.bignewsnetwork.com/news/274235036/no-casualties-reported-in-russian-city-of-orsk-after-dam-breach,url,128,8
2024-04-05,disaster,unmatched,,,"Ural, Sverdlovskaya Oblast', Russia",positive,https://www.themoscowtimes.com/2024/04/12/russias-orenburg-orders-mass-evacuation-as-city-braces-for-flood-peak-a84817,url,130,3
2024-04-06,disaster,mo,городской округ город Орск,^городской\ округ\ город\ Орск$,"Orsk, Orenburgskaya Oblast', Russia",positive,https://www.marketscreener.com/quote/currency/US-DOLLAR-RUSSIAN-ROUBLE--2370597/news/Russia-evacuates-more-than-700-people-from-homes-in-flood-hit-Orsk-46381581/,url,128,155
2024-04-06,disaster,mo,городской округ город Орск,^городской\ округ\ город\ Орск$,"Orsk, Orenburgskaya Oblast', Russia",positive,https://www.usnews.com/news/world/articles/2024-04-06/russia-evacuates-more-than-700-people-from-homes-in-flood-hit-orsk,url,020,60
2024-04-06,disaster,unmatched,,,"Ural, Sverdlovskaya Oblast', Russia",positive,https://www.theguardian.com/world/2024/apr/06/more-than-4000-people-evacuated-in-russia-after-dam-bursts,url,130,49
2024-04-06,disaster,mo,городской округ город Орск,^городской\ округ\ город\ Орск$,"Orsk, Orenburgskaya Oblast', Russia",positive,https://www.wral.com/story/russian-dam-bursts-forcing-thousands-to-evacuate-in-flood-hit-southern-region/21366270/,url,120,45
2024-04-06,disaster,mo,городской округ город Орск,^городской\ округ\ город\ Орск$,"Orsk, Orenburgskaya Oblast', Russia",positive,https://www.bloomberg.com/news/articles/2024-04-06/russia-evacuates-areas-of-flood-hit-city-of-orsk-after-dam-burst,url,174,30
2024-04-06,disaster,mo,городской округ город Орск,^городской\ округ\ город\ Орск$,"Orsk, Orenburgskaya Oblast', Russia",positive,https://www.thestar.com.my/news/world/2024/04/06/russia-evacuates-more-than-700-people-from-homes-in-flood-hit-orsk,url,160,28
2024-04-06,disaster,mo,городской округ город Орск,^городской\ округ\ город\ Орск$,"Orsk, Orenburgskaya Oblast', Russia",positive,https://www.yahoo.com/news/russian-authorities-evacuate-2-000-194555051.html,url,112,20
2024-04-06,disaster,mo,городской округ город Оренбург,^городской\ округ\ город\ Оренбург$,"Orenburg, Orenburgskaya Oblast', Russia",positive,https://www.thenews.com.pk/print/1176144-dam-bursts-amid-flooding-in-russia-s-urals-evacuation-underway,url,010,20
2024-04-06,disaster,unmatched,,,"Ural, Sverdlovskaya Oblast', Russia",positive,https://www.channelnewsasia.com/world/russia-evacuates-almost-4500-people-after-dam-burst-4248206,url,073,16
2024-04-06,disaster,mo,городской округ город Орск,^городской\ округ\ город\ Орск$,"Orsk, Orenburgskaya Oblast', Russia",positive,https://www.aninews.in/news/world/asia/russia-evacuates-4000-people-after-dam-bursts-near-kazakh-border20240406223035/,url,160,12
2024-04-06,disaster,mo,городской округ город Орск,^городской\ округ\ город\ Орск$,"Orsk, Orenburgskaya Oblast', Russia",positive,https://www.bignewsnetwork.com/news/274237446/second-levee-bursts-in-flooded-russian-city,url,060,10
2024-04-06,disaster,mo,городской округ город Оренбург,^городской\ округ\ город\ Оренбург$,"Orenburg, Orenburgskaya Oblast', Russia",positive,https://www.thenews.com.pk/print/1176466-russia-evacuates-around-2-000-people-from-homes-in-flood-hit-orsk,url,160,10
2024-04-06,disaster,mo,городской округ город Орск,^городской\ округ\ город\ Орск$,"Orsk, Orenburgskaya Oblast', Russia",positive,https://www.tellerreport.com/highlights/news/partial-failure-of-a-dam-in-russia--thousands-of-people-evacuated.rykFCm1eR.html,url,020,10
2024-04-06,disaster,mo,городской округ город Оренбург,^городской\ округ\ город\ Оренбург$,"Orenburg, Orenburgskaya Oblast', Russia",positive,http://www.uniindia.com/~/three-bodies-found-in-russia-s-orsk-after-dam-breach-flooding/World/news/3174935.html,url,128,8
2024-04-06,disaster,mo,городской округ город Оренбург,^городской\ округ\ город\ Оренбург$,"Orenburg, Orenburgskaya Oblast', Russia",positive,https://www.hngn.com/articles/259316/20240406/russia-dam-break-flood-ural-river-residents-rescue-natural-disaster.htm,url,160,6
2024-04-06,disaster,mo,городской округ город Оренбург,^городской\ округ\ город\ Оренбург$,"Orenburg, Orenburgskaya Oblast', Russia",positive,https://metro.co.uk/2024/04/06/thousands-evacuated-russian-dam-burst-floods-entire-region-20598525/,url,042,5
2024-04-06,disaster,unmatched,,,"Leninsky, Bashkortostan, Russia",positive,https://www.yahoo.com/news/thousands-russia-orenburg-forced-evacuate-071215871.html,url,013,4
2024-04-06,disaster,mo,городской округ город Орск,^городской\ округ\ город\ Орск$,"Orsk, Orenburgskaya Oblast', Russia",positive,https://www.dw.com/en/russia-orenburg-officials-urge-evacuations-amid-flooding/a-68755361,url,020,4
2024-04-06,disaster,mo,городской округ город Оренбург,^городской\ округ\ город\ Оренбург$,"Orenburg, Orenburgskaya Oblast', Russia",positive,https://www.aljazeera.com/news/2024/4/6/russia-evacuates-4000-people-after-floods-dam-burst-near-kazakh-border,url,128,4
2024-04-06,disaster,mo,городской округ город Оренбург,^городской\ округ\ город\ Оренбург$,"Orenburg, Orenburgskaya Oblast', Russia",positive,https://www.voanews.com/a/russia-evacuates-over-4-000-people-after-dam-burst-/7559666.html,url,010,3
2024-04-06,disaster,mo,городской округ город Орск,^городской\ округ\ город\ Орск$,"Orsk, Orenburgskaya Oblast', Russia",positive,https://www.marketscreener.com/quote/currency/US-DOLLAR-RUSSIAN-ROUBLE--2370597/news/Russia-evacuates-around-2-000-people-from-homes-in-flood-hit-Orsk-46381581/,url,020,2
2024-04-07,disaster,mo,городской округ город Оренбург,^городской\ округ\ город\ Оренбург$,"Orenburg, Orenburgskaya Oblast', Russia",positive,https://www.newsx.com/world/russia-evacuates-4500-individuals-following-dam-burst-near-kazakhstan-border/,url,020,1739
2024-04-07,disaster,mo,городской округ город Орск,^городской\ округ\ город\ Орск$,"Orsk, Orenburgskaya Oblast', Russia",positive,https://www.coastreporter.net/world-news/russia-declares-federal-emergency-in-the-flood-hit-orenburg-region-as-evacuation-efforts-continue-8564539,url,043,977
2024-04-07,disaster,mo,городской округ город Орск,^городской\ округ\ город\ Орск$,"Orsk, Orenburgskaya Oblast', Russia",positive,https://www.thurrockgazette.co.uk/news/national/24236657.russia-declares-emergency-flood-hit-region-evacuation-efforts-continue/,url,042,787
2024-04-07,disaster,mo,городской округ город Тюмень,^городской\ округ\ город\ Тюмень$,"Tyumen, Tyumenskaya Oblast', Russia",positive,https://www.thetottenhamindependent.co.uk/news/national/24236657.russia-declares-emergency-flood-hit-region-evacuation-efforts-continue/,url,073,298
2024-04-07,disaster,unmatched,,,"Kremlin, Moskva, Russia",positive,https://www.yahoo.com/news/record-flood-waters-rise-russias-110257724.html,url,041,188
2024-04-07,disaster,unmatched,,,"Kremlin, Moskva, Russia",positive,https://www.princegeorgecitizen.com/world-news/russia-declares-flood-hit-orenburg-region-a-federal-emergency-with-other-regions-under-threat-8564533,url,040,145
2024-04-07,disaster,unmatched,,,"Moscow, Moskva, Russia",positive,https://www.sheppnews.com.au/world/record-flood-waters-rise-in-russias-ural-mountains/,url,172,130
2024-04-07,disaster,mo,городской округ город Тюмень,^городской\ округ\ город\ Тюмень$,"Tyumen, Tyumenskaya Oblast', Russia",positive,https://www.thestar.com.my/news/world/2024/04/07/record-flood-waters-rise-in-russia039s-urals-forcing-thousands-to-evacuate,url,040,96
2024-04-07,disaster,unmatched,,,"Ural, Sverdlovskaya Oblast', Russia",positive,https://www.thompsoncitizen.net/world-news/russia-declares-flood-hit-orenburg-region-a-federal-emergency-with-other-regions-under-threat-8564539,url,130,82
2024-04-07,disaster,mo,городской округ город Орск,^городской\ округ\ город\ Орск$,"Orsk, Orenburgskaya Oblast', Russia",positive,https://www.canberratimes.com.au/story/8583235/record-flood-waters-rise-in-russias-ural-mountains/?cs=14264,url,010,72
2024-04-07,disaster,mo,городской округ город Оренбург,^городской\ округ\ город\ Оренбург$,"Orenburg, Orenburgskaya Oblast', Russia",positive,https://www.themoscowtimes.com/2024/04/07/russian-flood-situation-critical-in-orsk-after-burst-dam-a84762,url,130,61
2024-04-07,disaster,mo,городской округ город Тюмень,^городской\ округ\ город\ Тюмень$,"Tyumen, Tyumenskaya Oblast', Russia",positive,https://theprint.in/world/putin-addresses-worsening-flood-crisis-in-orenburg-region/2031655/,url,041,53
2024-04-07,disaster,unmatched,,,"Ural, Sverdlovskaya Oblast', Russia",positive,https://www.thehindu.com/news/international/russia-evacuates-over-4000-people-after-dam-burst/article68036663.ece,url,130,46
2024-04-07,disaster,mo,городской округ город Орск,^городской\ округ\ город\ Орск$,"Orsk, Orenburgskaya Oblast', Russia",positive,https://www.aa.com.tr/en/world/russia-declares-federal-emergency-amid-flooding-in-orenburg-region/3185786,url,010,35
2024-04-07,disaster,mo,городской округ город Орск,^городской\ округ\ город\ Орск$,"Orsk, Orenburgskaya Oblast', Russia",positive,"http://www.gdnonline.com/Details/1308783/Russia-evacuates-around-2,000-people-from-homes-in-flood-hit-Orsk",url,128,30
2024-04-07,disaster,unmatched,,,"Ural, Sverdlovskaya Oblast', Russia",positive,https://www.newcastleherald.com.au/story/8583389/floods-in-russias-urals-force-thousands-to-evacuate/,url,013,30
2024-04-07,disaster,unmatched,,,"Ural, Sverdlovskaya Oblast', Russia",positive,https://www.ndtv.com/world-news/russia-evacuates-4-500-people-after-dam-burst-near-kazakhstan-border-5390578,url,111,24
2024-04-07,disaster,mo,городской округ город Орск,^городской\ округ\ город\ Орск$,"Orsk, Orenburgskaya Oblast', Russia",positive,https://www.winnipegfreepress.com/world/2024/04/07/russia-declares-federal-emergency-in-the-flood-hit-orenburg-region-as-evacuation-efforts-continue,url,073,21
2024-04-07,disaster,mo,городской округ город Оренбург,^городской\ округ\ город\ Оренбург$,"Orenburg, Orenburgskaya Oblast', Russia",positive,https://www.bignewsnetwork.com/news/274240022/putin-addresses-worsening-flood-crisis-in-orenburg-region,url,128,19
2024-04-07,disaster,unmatched,,,"Kremlin, Moskva, Russia",positive,https://www.barrons.com/news/water-level-in-russia-s-orsk-critical-as-kremlin-warns-of-more-floods-8411e35c,url,010,18
2024-04-07,disaster,mo,городской округ город Оренбург,^городской\ округ\ город\ Оренбург$,"Orenburg, Orenburgskaya Oblast', Russia",positive,https://lethbridgeherald.com/news/world-news/2024/04/07/russia-declares-floodhit-orenburg-region-a-federal-emergency-with-other-regions-under-threat/,url,084,16
2024-04-07,disaster,unmatched,,,"Kremlin, Moskva, Russia",positive,https://www.rfi.fr/en/international-news/20240407-water-level-in-russia-s-orsk-critical-as-kremlin-warns-of-more-floods,url,154,16
2024-04-07,disaster,unmatched,,,"Moscow, Moskva, Russia",positive,https://www.mymotherlode.com/news/east-europe/3336596/russia-declares-federal-emergency-in-the-flood-hit-orenburg-region-as-evacuation-efforts-continue.html,url,130,16
2024-04-07,disaster,mo,городской округ город Орск,^городской\ округ\ город\ Орск$,"Orsk, Orenburgskaya Oblast', Russia",positive,https://www.seattletimes.com/nation-world/world/russia-declares-flood-hit-orenburg-region-a-federal-emergency-with-other-regions-under-threat/,url,130,16
2024-04-07,disaster,mo,городской округ город Орск,^городской\ округ\ город\ Орск$,"Orsk, Orenburgskaya Oblast', Russia",positive,https://medicinehatnews.com/news/world-news/2024/04/07/russia-declares-floodhit-orenburg-region-a-federal-emergency-as-evacuation-efforts-continue/,url,084,16
2024-04-07,disaster,mo,городской округ город Оренбург,^городской\ округ\ город\ Оренбург$,"Orenburg, Orenburgskaya Oblast', Russia",positive,https://www.devdiscourse.com/article/international/2880667-putin-addresses-worsening-flood-crisis-in-orenburg-region,url,046,12
2024-04-07,disaster,mo,городской округ город Орск,^городской\ округ\ город\ Орск$,"Orsk, Orenburgskaya Oblast', Russia",positive,https://www.dailymail.co.uk/news/article-13280775/russians-evacuated-orsk-dam-burst-russia.html,url,130,10
2024-04-07,disaster,unmatched,,,"Ural, Sverdlovskaya Oblast', Russia",positive,https://www.aljazeera.com/news/2024/4/7/federal-emergency-declared-in-russias-flood-hit-orenburg-region,url,042,10
2024-04-07,disaster,mo,городской округ город Оренбург,^городской\ округ\ город\ Оренбург$,"Orenburg, Orenburgskaya Oblast', Russia",positive,https://www.bignewsnetwork.com/news/274239839/flood-waters-rising-in-russian-region-hit-by-levee-collapses,url,128,10
2024-04-07,disaster,mo,городской округ город Орск,^городской\ округ\ город\ Орск$,"Orsk, Orenburgskaya Oblast', Russia",positive,https://www.presstv.ir/Detail/2024/04/07/723223/evacuation-Russia-Orsk-flood-dam-burst-,url,160,10
2024-04-07,disaster,unmatched,,,"Kremlin, Moskva, Russia",positive,https://guernseypress.com/news/world-news/2024/04/07/russia-declares-emergency-in-flood-hit-region-as-evacuation-efforts-continue/,url,040,9
2024-04-07,disaster,mo,городской округ город Орск,^городской\ округ\ город\ Орск$,"Orsk, Orenburgskaya Oblast', Russia",positive,https://www.channelnewsasia.com/world/record-flood-waters-rise-russias-urals-forcing-thousands-evacuate-4248946,url,091,9
2024-04-07,disaster,mo,городской округ город Оренбург,^городской\ округ\ город\ Оренбург$,"Orenburg, Orenburgskaya Oblast', Russia",positive,https://www.theweek.in/news/world/2024/04/07/russia-government-declares-federal-emergency-over-floods-as-dam-bursts-in-orsk.html,url,012,8
2024-04-07,disaster,unmatched,,,"Kremlin, Moskva, Russia",positive,https://www.usnews.com/news/world/articles/2024-04-07/record-flood-waters-rise-in-russias-urals-forcing-thousands-to-evacuate,url,041,8
2024-04-07,disaster,mo,городской округ город Оренбург,^городской\ округ\ город\ Оренбург$,"Orenburg, Orenburgskaya Oblast', Russia",positive,https://www.bignewsnetwork.com/news/274237603/russia-evacuates-more-than-4400-people-after-dam-bursts,url,130,8
2024-04-07,disaster,unmatched,,,"Kremlin, Moskva, Russia",positive,https://www.fbcnews.com.fj/world/russias-urals-floods-force-evacuations/,url,013,7
2024-04-07,disaster,mo,городской округ город Орск,^городской\ округ\ город\ Орск$,"Orsk, Orenburgskaya Oblast', Russia",positive,https://www.asiaone.com/world/record-flood-waters-rise-russias-urals-forcing-thousands-evacuate,url,040,7
2024-04-07,disaster,mo,городской округ город Орск,^городской\ округ\ город\ Орск$,"Orsk, Orenburgskaya Oblast', Russia",positive,https://www.dailymail.co.uk/news/article-13281263/Burst-Russian-dam-calamity-sparks-looting-Putin-orders-crackdown-lawlessness-4-500-people-evacuated-31ft-high-deluge-flooded-city-Orsk.html,url,145,7
2024-04-07,disaster,mo,городской округ город Оренбург,^городской\ округ\ город\ Оренбург$,"Orenburg, Orenburgskaya Oblast', Russia",positive,https://www.rferl.org/a/russia-orenburg-flooding-emergency/32894659.html,url,111,7
2024-04-07,disaster,mo,городской округ город Орск,^городской\ округ\ город\ Орск$,"Orsk, Orenburgskaya Oblast', Russia",positive,https://www.belfasttelegraph.co.uk/news/world-news/russia-declares-emergency-in-flood-hit-region-as-evacuation-efforts-continue/a796519013.html,url,010,7
2024-04-07,disaster,mo,городской округ город Оренбург,^городской\ округ\ город\ Оренбург$,"Orenburg, Orenburgskaya Oblast', Russia",positive,https://timesofindia.indiatimes.com/world/rest-of-world/severe-flooding-in-russias-ural-mountains-thousands-evacuated/articleshow/109108007.cms,url,128,6
2024-04-07,disaster,unmatched,,,"Ural, Sverdlovskaya Oblast', Russia",positive,https://eng.obozrevatel.com/section-news/news-oil-refinery-in-orsk-russia-shut-down-due-to-dam-breach-russians-complain-of-critical-situation-07-04-2024.html,url,114,6
2024-04-07,disaster,mo,городской округ город Тюмень,^городской\ округ\ город\ Тюмень$,"Tyumen, Tyumenskaya Oblast', Russia",positive,https://www.breakingnews.ie/world/russia-declares-emergency-in-flood-hit-region-as-evacuation-efforts-continue-1610255.html,url,010,6
2024-04-07,disaster,mo,городской округ город Орск,^городской\ округ\ город\ Орск$,"Orsk, Orenburgskaya Oblast', Russia",positive,https://www.firstpost.com/world/russia-water-level-in-orsk-critical-after-dam-burst-13757214.html,url,160,6
2024-04-07,disaster,mo,городской округ город Орск,^городской\ округ\ город\ Орск$,"Orsk, Orenburgskaya Oblast', Russia",positive,https://www.egyptindependent.com/russian-dam-bursts-forcing-thousands-to-evacuate-in-flood-hit-southern-region/,url,120,5
2024-04-07,disaster,mo,городской округ город Тюмень,^городской\ округ\ город\ Тюмень$,"Tyumen, Tyumenskaya Oblast', Russia",positive,https://www.scmp.com/news/world/russia-central-asia/article/3258149/russia-declares-flood-hit-orenburg-region-federal-emergency-other-regions-under-threat,url,073,5
2024-04-07,disaster,mo,городской округ город Оренбург,^городской\ округ\ город\ Оренбург$,"Orenburg, Orenburgskaya Oblast', Russia",positive,https://www.timeslive.co.za/news/world/2024-04-07-record-flood-waters-rise-in-russias-urals-forcing-thousands-to-evacuate/,url,040,4
2024-04-07,disaster,unmatched,,,"Kremlin, Moskva, Russia",positive,https://nypost.com/2024/04/07/world-news/flood-hit-russian-region-declared-federal-emergency-after-evacuation/,url,040,3
2024-04-07,disaster,mo,городской округ город Орск,^городской\ округ\ город\ Орск$,"Orsk, Orenburgskaya Oblast', Russia",positive,https://jerseyeveningpost.com/morenews/worldnews/2024/04/07/russia-declares-emergency-in-flood-hit-region-as-evacuation-efforts-continue/,url,166,3
2024-04-07,disaster,mo,городской округ город Оренбург,^городской\ округ\ город\ Оренбург$,"Orenburg, Orenburgskaya Oblast', Russia",positive,https://www.sabcnews.com/sabcnews/record-flood-waters-rise-in-russias-urals/,url,174,3
2024-04-07,disaster,unmatched,,,"Ural, Sverdlovskaya Oblast', Russia",positive,https://www.yahoo.com/news/worst-floods-decades-hit-kazakhstan-142022396.html,url,128,3
2024-04-07,disaster,unmatched,,,"Ural, Sverdlovskaya Oblast', Russia",positive,https://timesofoman.com/article/144100-russia-evacuates-4000-people-after-dam-bursts-near-kazakh-border,url,010,2
2024-04-07,disaster,mo,городской округ город Орск,^городской\ округ\ город\ Орск$,"Orsk, Orenburgskaya Oblast', Russia",positive,https://www.irishtimes.com/world/europe/2024/04/07/russia-record-flood-waters-in-ural-mountains-force-thousands-to-evacuate/,url,013,2
2024-04-07,disaster,unmatched,,,"Kremlin, Moskva, Russia",positive,https://aninews.in/news/world/europe/putin-addresses-worsening-flood-crisis-in-orenburg-region20240407201019/,url,040,2
2024-04-07,disaster,unmatched,,,"Ural, Sverdlovskaya Oblast', Russia",positive,https://ground.news/article/russia-declares-federal-emergency-in-the-flood-hit-orenburg-region-as-evacuation-efforts-continue_c43353,url,012,2
2024-04-07,disaster,unmatched,,,"Ural, Sverdlovskaya Oblast', Russia",positive,https://www.newsmax.com/world/globaltalk/russia-ural-floods-orsk-orenburg-federal-emergency/2024/04/07/id/1160047/,url,073,2
2024-04-07,disaster,unmatched,,,"Kremlin, Moskva, Russia",positive,https://www.usnews.com/news/world/articles/2024-04-07/russia-declares-flood-hit-orenburg-region-a-federal-emergency-with-other-regions-under-threat,url,040,1
2024-04-07,disaster,unmatched,,,"Ural Mountains, Russia (general), Russia",positive,https://www.stripes.com/theaters/europe/2024-04-07/russia-flood-emergency-13507470.html,url,042,1
2024-04-07,disaster,unmatched,,,"Kremlin, Moskva, Russia",positive,https://www.castanetkamloops.net/news/World/480790/Russia-declares-flood-hit-Orenburg-region-a-federal-emergency-with-other-regions-under-threat,url,040,1
2024-04-07,disaster,mo,городской округ город Оренбург,^городской\ округ\ город\ Оренбург$,"Orenburg, Orenburgskaya Oblast', Russia",positive,https://www.brandonsun.com/world/2024/04/07/russia-declares-federal-emergency-in-the-flood-hit-orenburg-region-as-evacuation-efforts-continue,url,012,1
2024-04-08,disaster,mo,городской округ город Орск,^городской\ округ\ город\ Орск$,"Orsk, Orenburgskaya Oblast', Russia",positive,https://www.eastlothiancourier.com/news/national/24239870.russians-stage-rare-protest-dam-bursts-homes-flood/,url,060,640
2024-04-08,disaster,mo,городской округ город Орск,^городской\ округ\ город\ Орск$,"Orsk, Orenburgskaya Oblast', Russia",positive,https://www.dailyexcelsior.com/russia-declares-federal-emergency-in-the-flood-hit-orenburg-region-as-evacuation-efforts-continue/,url,010,273
2024-04-08,disaster,mo,городской округ город Орск,^городской\ округ\ город\ Орск$,"Orsk, Orenburgskaya Oblast', Russia",positive,https://www.caledonianrecord.com/news/national/russians-stage-a-rare-protest-after-a-dam-bursts-and-homes-flood-near-the-kazakh/article_de50d05c-9687-552f-8d4d-8db35970b51b.html,url,141,230
2024-04-08,disaster,mo,городской округ город Оренбург,^городской\ округ\ город\ Оренбург$,"Orenburg, Orenburgskaya Oblast', Russia",positive,https://timesofindia.indiatimes.com/world/europe/record-floods-in-russias-urals-triggered-by-melting-snow/articleshow/109130968.cms,url,020,198
2024-04-08,disaster,unmatched,,,"Irtysh, Omskaya Oblast', Russia",positive,https://www.themoscowtimes.com/2024/04/08/cities-in-russian-urals-west-siberia-brace-for-worst-floods-in-decades-a84765,url,130,174
2024-04-08,disaster,unmatched,,,"Kremlin, Moskva, Russia",positive,https://www.goulburnpost.com.au/story/8583389/floods-in-russias-urals-force-thousands-to-evacuate/?cs=14264,url,041,104
2024-04-08,disaster,mo,городской округ город Оренбург,^городской\ округ\ город\ Оренбург$,"Orenburg, Orenburgskaya Oblast', Russia",positive,https://www.fairfieldsuntimes.com/news/national/cities-in-russian-urals-west-siberia-brace-for-worst-floods-in-decades/article_dd0baddf-0cdb-51dd-a545-8bbb21716324.html,url,036,72
2024-04-08,disaster,mo,городской округ город Орск,^городской\ округ\ город\ Орск$,"Orsk, Orenburgskaya Oblast', Russia",positive,https://www.devdiscourse.com/article/science-environment/2881400-record-floods-in-russias-urals-triggered-by-melting-snow,url,020,47
2024-04-08,disaster,mo,городской округ город Тюмень,^городской\ округ\ город\ Тюмень$,"Tyumen, Tyumenskaya Oblast', Russia",positive,https://www.devdiscourse.com/article/science-environment/2881657-anger-boils-over-for-some-amid-record-floods-in-russias-urals,url,110,30
2024-04-08,disaster,unmatched,,,"Ural, Sverdlovskaya Oblast', Russia",positive,https://www.aol.com/record-flood-waters-rise-russias-110257889.html,url,010,23
2024-04-08,disaster,mo,городской округ город Тюмень,^городской\ округ\ город\ Тюмень$,"Tyumen, Tyumenskaya Oblast', Russia",positive,https://news.sky.com/story/russia-floods-thousands-forced-to-flee-homes-after-melting-snow-triggers-record-flooding-13110850,url,020,20
2024-04-08,disaster,unmatched,,,"Ural Mountains, Russia (general), Russia",positive,https://www.aljazeera.com/program/newsfeed/2024/4/8/record-floods-in-russias-ural-mountains,url,012,20
2024-04-08,disaster,unmatched,,,"Moscow, Moskva, Russia",positive,https://starlocalmedia.com/news/national/cities-in-russian-urals-west-siberia-brace-for-worst-floods-in-decades/article_0cfe08d5-37ef-5ed8-9656-5caff2cb8d1b.html,url,012,20
2024-04-08,disaster,unmatched,,,"Kremlin, Moskva, Russia",positive,https://www.stripes.com/theaters/europe/2024-04-08/russians-protest-dam-breaks-floods-13512155.html,url,040,18
2024-04-08,disaster,unmatched,,,"Kremlin, Moskva, Russia",positive,https://www.9news.com.au/world/russia-declares-floodhit-orenburg-region-a-federal-emergency-with-other-regions-under-threat/8ebdc7ed-536a-4c57-b567-4113f4c7af59,url,040,12
2024-04-08,disaster,mo,городской округ город Орск,^городской\ округ\ город\ Орск$,"Orsk, Orenburgskaya Oblast', Russia",positive,https://www.yahoo.com/news/floodwaters-russia-dam-burst-rise-071457964.html,url,040,12
2024-04-08,disaster,unmatched,,,"Kremlin, Moskva, Russia",positive,https://toronto.citynews.ca/2024/04/08/russians-stage-a-rare-protest-after-a-dam-bursts-and-homes-flood-near-the-kazakh-border/,url,141,12
2024-04-08,disaster,unmatched,,,"Ural, Sverdlovskaya Oblast', Russia",positive,https://www.plenglish.com/news/2024/04/08/another-russian-region-declares-state-of-emergency-due-to-floods/,url,174,10
2024-04-08,disaster,mo,городской округ город Оренбург,^городской\ округ\ город\ Оренбург$,"Orenburg, Orenburgskaya Oblast', Russia",positive,https://houstonianonline.com/russians-angry-with-local-authorities-after-floods-putin-help-us/,url,130,10
2024-04-08,disaster,mo,городской округ город Орск,^городской\ округ\ город\ Орск$,"Orsk, Orenburgskaya Oblast', Russia",positive,https://www.thehindu.com/news/international/russians-stage-a-rare-protest-after-a-dam-bursts-and-homes-flood-near-the-kazakh-border/article68044032.ece,url,141,10
2024-04-08,disaster,mo,городской округ город Оренбург,^городской\ округ\ город\ Оренбург$,"Orenburg, Orenburgskaya Oblast', Russia",positive,https://www.nbcnews.com/news/world/record-floods-russia-urals-triggered-melting-snow-rcna146805,url,020,10
2024-04-08,disaster,mo,городской округ город Орск,^городской\ округ\ город\ Орск$,"Orsk, Orenburgskaya Oblast', Russia",positive,https://www.themoscowtimes.com/2024/04/08/residents-of-flood-struck-russian-city-protest-local-government-a84777,url,114,10
2024-04-08,disaster,mo,городской округ город Тобольск,^городской\ округ\ город\ Тобольск$,"Tobolsk, Tyumenskaya Oblast', Russia",positive,https://www.ndtv.com/world-news/putin-help-rare-protest-in-russia-over-worst-flooding-in-decades-5400929,url,071,10
2024-04-08,disaster,mo,городской округ город Оренбург,^городской\ округ\ город\ Оренбург$,"Orenburg, Orenburgskaya Oblast', Russia",positive,https://www.euronews.com/2024/04/08/parts-of-kazakhstan-and-russia-declare-state-of-emergency-after-worst-floods-in-80-years,url,073,10
2024-04-08,disaster,mo,городской округ город Орск,^городской\ округ\ город\ Орск$,"Orsk, Orenburgskaya Oblast', Russia",positive,https://www.dw.com/en/russia-evacuates-thousands-amid-floods-in-ural-region/a-68766439,url,012,10
2024-04-08,disaster,unmatched,,,"Moscow, Moskva, Russia",positive,https://www.firstpost.com/world/record-flooding-hits-russia-over-10400-homes-submerged-amid-snowmelt-surge-13757380.html,url,130,10
2024-04-08,disaster,mo,городской округ город Оренбург,^городской\ округ\ город\ Оренбург$,"Orenburg, Orenburgskaya Oblast', Russia",positive,https://www.bobfm.co.uk/floods-in-russia-declaring-a-federal-state-of-emergency-after-the-dam-collapse/,url,100,9
2024-04-08,disaster,mo,городской округ город Тюмень,^городской\ округ\ город\ Тюмень$,"Tyumen, Tyumenskaya Oblast', Russia",positive,https://oilprice.com/Latest-Energy-News/World-News/Spring-Floods-Shut-Down-Oil-Refinery-in-Russia.html,url,130,8
2024-04-08,disaster,mo,городской округ город Орск,^городской\ округ\ город\ Орск$,"Orsk, Orenburgskaya Oblast', Russia",positive,https://www.yahoo.com/news/russias-siberia-braces-devastating-flood-110122956.html,url,043,8
2024-04-08,disaster,unmatched,,,"Ural, Sverdlovskaya Oblast', Russia",positive,https://www.startribune.com/russians-stage-a-rare-protest-after-a-dam-bursts-and-homes-flood-near-the-kazakh-border/600357222/,url,141,8
2024-04-08,disaster,mo,городской округ город Орск,^городской\ округ\ город\ Орск$,"Orsk, Orenburgskaya Oblast', Russia",positive,https://en.apa.az/cis-countries/record-floods-in-russias-urals-triggered-by-melting-snow-433319,url,080,8
2024-04-08,disaster,mo,городской округ город Орск,^городской\ округ\ город\ Орск$,"Orsk, Orenburgskaya Oblast', Russia",positive,https://www.princegeorgecitizen.com/world-news/russia-declares-flood-hit-orenburg-region-a-federal-emergency-with-other-regions-under-threat-8564539,url,042,7
2024-04-08,disaster,mo,городской округ город Оренбург,^городской\ округ\ город\ Оренбург$,"Orenburg, Orenburgskaya Oblast', Russia",positive,https://www.yahoo.com/news/dam-burst-russia-orenburg-authorities-100913595.html,url,130,6
2024-04-08,disaster,unmatched,,,"Volga, Yaroslavskaya Oblast', Russia",positive,https://dailypost.ng/2024/04/08/many-rendered-homeless-as-flood-wreaks-havoc-in-russia/,url,010,6
2024-04-08,disaster,mo,городской округ город Орск,^городской\ округ\ город\ Орск$,"Orsk, Orenburgskaya Oblast', Russia",positive,https://www.yahoo.com/news/russia-floods-record-water-levels-171642035.html,url,020,6
2024-04-08,disaster,unmatched,,,"Tobol, Kaluzhskaya Oblast', Russia",positive,https://www.independent.co.uk/news/world/europe/orsk-orenburg-flooding-putin-russia-b2525261.html,url,013,5
2024-04-08,disaster,mo,городской округ город Оренбург,^городской\ округ\ город\ Оренбург$,"Orenburg, Orenburgskaya Oblast', Russia",positive,https://www.washingtonpost.com/world/2024/04/08/russia-floods-dam-failure-protests/,url,010,5
2024-04-08,disaster,unmatched,,,"Yelshanka, Orenburgskaya Oblast', Russia",positive,https://www.oneindia.com/international/russias-urals-hit-by-record-floods-forcing-thousands-to-evacuate-3794527.html,url,160,5
2024-04-08,disaster,unmatched,,,"Ural, Sverdlovskaya Oblast', Russia",positive,https://www.irishtimes.com/world/europe/2024/04/08/anger-boils-over-for-some-amid-record-floods-in-russias-urals/,url,013,4
2024-04-08,disaster,unmatched,,,"Vyazma, Smolenskaya Oblast', Russia",positive,https://www.devdiscourse.com/article/science-environment/2881932-rare-protest-erupts-in-russia-after-dam-collapse-causes-floods-near-kazakh-border,url,010,3
2024-04-08,disaster,mo,городской округ город Орск,^городской\ округ\ город\ Орск$,"Orsk, Orenburgskaya Oblast', Russia",positive,https://www.channelnewsasia.com/world/locals-protest-russian-regions-face-worst-flooding-decades-4251256,url,036,2
2024-04-08,disaster,unmatched,,,"Ural, Sverdlovskaya Oblast', Russia",positive,https://thesun.my/world/kim-jong-un-sends-words-of-sympathy-to-putin-over-floods-in-russia-s-orenburg-AB12311661,url,010,2
2024-04-09,disaster,mo,городской округ город Тюмень,^городской\ округ\ город\ Тюмень$,"Tyumen, Tyumenskaya Oblast', Russia",positive,https://www.dawn.com/news/1826587/russians-take-to-the-streets-in-flooded-city,url,036,228
2024-04-09,disaster,unmatched,,,"Kremlin, Moskva, Russia",positive,https://www.shorenewsnetwork.com/2024/04/09/russia-kazakhstan-evacuate-over/,url,020,176
2024-04-09,disaster,mo,городской округ город Орск,^городской\ округ\ город\ Орск$,"Orsk, Orenburgskaya Oblast', Russia",positive,https://www.ctvnews.ca/climate-and-environment/russia-kazakhstan-evacuate-over-100-000-people-amid-worst-flooding-in-nearly-70-years-1.6840308,url,120,159
2024-04-09,disaster,mo,городской округ город Оренбург,^городской\ округ\ город\ Оренбург$,"Orenburg, Orenburgskaya Oblast', Russia",positive,https://www.barrons.com/news/kazakhstan-and-russia-battle-huge-floods-49bdec55,url,043,144
2024-04-09,disaster,mo,городской округ город Орск,^городской\ округ\ город\ Орск$,"Orsk, Orenburgskaya Oblast', Russia",positive,https://www.yahoo.com/news/kazakhstan-russia-battle-huge-floods-113613003.html,url,190,140
2024-04-09,disaster,mo,городской округ город Тюмень,^городской\ округ\ город\ Тюмень$,"Tyumen, Tyumenskaya Oblast', Russia",positive,https://www.natureworldnews.com/articles/61274/20240409/russia-kazakhstan-face-worst-flood-decades-due-melting-snow.htm,url,010,132
2024-04-09,disaster,mo,городской округ город Тюмень,^городской\ округ\ город\ Тюмень$,"Tyumen, Tyumenskaya Oblast', Russia",positive,https://www.barrons.com/news/kazakhstan-and-russia-battle-huge-floods-7c87f968,url,042,130
2024-04-09,disaster,unmatched,,,"Irtysh, Omskaya Oblast', Russia",positive,https://in-cyprus.philenews.com/international/russia-kazakhstan-evacuate-over-100000-people-amid-worst-flooding-in-decades/,url,174,124
2024-04-09,disaster,mo,городской округ город Орск,^городской\ округ\ город\ Орск$,"Orsk, Orenburgskaya Oblast', Russia",positive,https://www.belfasttelegraph.co.uk/news/world-news/russians-stage-rare-protest-after-dam-bursts-and-homes-flood/a626191116.html,url,010,118
2024-04-09,disaster,mo,городской округ город Орск,^городской\ округ\ город\ Орск$,"Orsk, Orenburgskaya Oblast', Russia",positive,https://www.batemansbaypost.com.au/story/8586152/russia-kazakhstan-evacuate-over-100000-from-floods/?cs=14264,url,160,110
2024-04-09,disaster,mo,городской округ город Тюмень,^городской\ округ\ город\ Тюмень$,"Tyumen, Tyumenskaya Oblast', Russia",positive,https://www.marketscreener.com/quote/currency/US-DOLLAR-RUSSIAN-ROUBLE--2370597/news/Thousands-of-people-at-risk-as-floods-hit-Russia-s-south-46391442/,url,036,72
2024-04-09,disaster,mo,городской округ город Оренбург,^городской\ округ\ город\ Оренбург$,"Orenburg, Orenburgskaya Oblast', Russia",positive,https://www.business-standard.com/world-news/anger-boils-over-for-lack-of-help-amid-record-floods-in-russia-s-urals-124040900084_1.html,url,130,60
2024-04-09,disaster,unmatched,,,"Kremlin, Moskva, Russia",positive,https://tribune.com.pk/story/2462206/russia-kazakhstan-evacuate-over-100000-people-amid-worst-flooding-in-decades,url,020,51
2024-04-09,disaster,unmatched,,,"Kremlin, Moskva, Russia",positive,https://www.devdiscourse.com/article/politics/2882296-kremlin-putin-focused-on-floods-but-wont-visit-orenburg,url,125,50
2024-04-09,disaster,unmatched,,,"Kremlin, Moskva, Russia",positive,https://www.marketscreener.com/quote/currency/US-DOLLAR-RUSSIAN-ROUBLE--2370597/news/Kremlin-says-on-floods-the-most-difficult-days-are-still-ahead-46394904/,url,046,36
2024-04-09,disaster,unmatched,,,"Irtysh, Omskaya Oblast', Russia",positive,https://english.aawsat.com/world/4956876-flooding-spreads-russia-putting-thousands-more-risk,url,020,32
2024-04-09,disaster,unmatched,,,"Kremlin, Moskva, Russia",positive,https://www.juneesoutherncross.com.au/story/8586152/russia-kazakhstan-evacuate-over-100000-from-floods/?cs=6417,url,160,28
2024-04-09,disaster,mo,городской округ город Орск,^городской\ округ\ город\ Орск$,"Orsk, Orenburgskaya Oblast', Russia",positive,https://www.myleaderpaper.com/news/national/kazakhstan-and-russia-battle-huge-floods/article_037aa25c-f250-592e-be47-017122b88ce2.html,url,141,24
2024-04-09,disaster,mo,городской округ город Оренбург,^городской\ округ\ город\ Оренбург$,"Orenburg, Orenburgskaya Oblast', Russia",positive,https://www.terradaily.com/reports/Locals_protest_as_Russian_regions_face_worst_flooding_for_decades_999.html,url,090,24
2024-04-09,disaster,unmatched,,,"Kremlin, Moskva, Russia",positive,http://www.jordantimes.com/news/world/cities-russian-urals-west-siberia-brace-worst-floods-decades,url,130,22
2024-04-09,disaster,mo,городской округ город Орск,^городской\ округ\ город\ Орск$,"Orsk, Orenburgskaya Oblast', Russia",positive,https://www.ibtimes.com/kazakhstan-russia-battle-huge-floods-3729205,url,010,21
2024-04-09,disaster,mo,городской округ город Оренбург,^городской\ округ\ город\ Оренбург$,"Orenburg, Orenburgskaya Oblast', Russia",positive,https://www.devdiscourse.com/article/science-environment/2882277-flooding-spreads-in-russia-putting-thousands-more-at-risk,url,042,21
2024-04-09,disaster,unmatched,,,"Kremlin, Moskva, Russia",positive,https://www.virginislandsdailynews.com/ap/national/russians-stage-a-rare-protest-after-a-dam-bursts-and-homes-flood-near-the-kazakh/article_71aff945-95f4-5325-8737-21ab2d2aeec6.html,url,040,20
2024-04-09,disaster,mo,городской округ город Орск,^городской\ округ\ город\ Орск$,"Orsk, Orenburgskaya Oblast', Russia",positive,https://au.news.yahoo.com/russia-floods-thousands-evacuated-burst-124930717.html,url,130,20
2024-04-09,disaster,mo,городской округ город Орск,^городской\ округ\ город\ Орск$,"Orsk, Orenburgskaya Oblast', Russia",positive,https://www.cnn.com/2024/04/09/europe/russia-urals-flooding-intl/,url,128,16
2024-04-09,disaster,unmatched,,,"Kremlin, Moskva, Russia",positive,https://www.btimesonline.com/articles/165401/20240409/russia-and-kazakhstan-evacuate-over-100-000-amid-worst-flooding-in-decades.htm,url,020,16
2024-04-09,disaster,unmatched,,,"Kremlin, Moskva, Russia",positive,https://www.voanews.com/a/russians-stage-rare-protest-after-unprecedented-floods-engulf-ural-region-/7562252.html,url,141,16
2024-04-09,disaster,unmatched,,,"Kremlin, Moskva, Russia",positive,https://www.theaustralian.com.au/news/latest-news/kazakhstan-and-russia-battle-huge-floods/news-story/2cc76305fcea25a44acacda2a93aacd3?nk=bece0320d8ba5da21ff48ca1f55eb87a-1712676768,url,010,14
2024-04-09,disaster,unmatched,,,"Kremlin, Moskva, Russia",positive,https://www.theguardian.com/world/2024/apr/09/russia-kazakhstan-evacuate-tens-thousands-worst-floods-decades,url,040,12
2024-04-09,disaster,unmatched,,,"Kremlin, Moskva, Russia",positive,https://www.journalgazette.net/news/world/russians-stage-a-rare-protest-after-a-dam-bursts-and-homes-flood-near-the-kazakh/article_6dffd8ee-a131-5a08-a2f4-69320ebb6539.html,url,040,10
2024-04-09,disaster,mo,городской округ город Тюмень,^городской\ округ\ город\ Тюмень$,"Tyumen, Tyumenskaya Oblast', Russia",positive,https://www.themoscowtimes.com/2024/04/09/critical-russian-floods-threaten-urals-western-siberia-as-waters-recede-from-early-epicenter-a84784,url,145,10
2024-04-09,disaster,mo,городской округ город Орск,^городской\ округ\ город\ Орск$,"Orsk, Orenburgskaya Oblast', Russia",positive,https://www.rferl.org/a/floods-anger-russia-orsk-putin/32897823.html,url,020,10
2024-04-09,disaster,unmatched,,,"Moscow, Moskva, Russia",positive,https://www.barrons.com/news/russians-urged-to-flee-as-floods-prompt-state-of-emergency-281a2e23,url,166,10
2024-04-09,disaster,unmatched,,,"Kremlin, Moskva, Russia",positive,https://www.fbcnews.com.fj/world/russia-kazakhstan-evacuates-100000-in-historic-floods/,url,174,10
2024-04-09,disaster,mo,городской округ город Оренбург,^городской\ округ\ город\ Оренбург$,"Orenburg, Orenburgskaya Oblast', Russia",positive,https://www.enca.com/news/kazakhstan-and-russia-battle-huge-floods-0,url,190,8
2024-04-09,disaster,mo,городской округ город Орск,^городской\ округ\ город\ Орск$,"Orsk, Orenburgskaya Oblast', Russia",positive,https://azertag.az/en/xeber/mayor_of_russias_orenburg_orders_evacuations_amid_critical_flooding-2964823,url,128,8
2024-04-09,disaster,unmatched,,,"Irtysh, Omskaya Oblast', Russia",positive,https://kathmandupost.com/world/2024/04/09/russia-kazakhstan-evacuate-over-100-000-people-amid-worst-flooding-in-decades,url,174,7
2024-04-09,disaster,mo,городской округ город Оренбург,^городской\ округ\ город\ Оренбург$,"Orenburg, Orenburgskaya Oblast', Russia",positive,https://www.plenglish.com/news/2024/04/09/number-of-houses-affected-by-floods-in-russia-increases/,url,042,7
2024-04-09,disaster,mo,городской округ город Оренбург,^городской\ округ\ город\ Оренбург$,"Orenburg, Orenburgskaya Oblast', Russia",positive,https://92newshd.tv/about/water-levels-still-rising-as-kazakhstan-and-russia-battle-huge-floods,url,160,6
2024-04-09,disaster,mo,городской округ город Тюмень,^городской\ округ\ город\ Тюмень$,"Tyumen, Tyumenskaya Oblast', Russia",positive,https://www.rappler.com/world/europe/russia-kurgan-region-floods-april-2024/,url,020,6
2024-04-09,disaster,unmatched,,,"Kremlin, Moskva, Russia",positive,https://www.arkansasonline.com/news/2024/apr/09/russians-call-for-payments-after-flood-from-dam/,url,040,6
2024-04-09,disaster,mo,городской округ город Орск,^городской\ округ\ город\ Орск$,"Orsk, Orenburgskaya Oblast', Russia",positive,https://news.yahoo.com/russia-floods-record-water-levels-171642035.html,url,141,6
2024-04-09,disaster,unmatched,,,"Moscow, Moskva, Russia",positive,https://www.nbcnews.com/news/world/russians-stage-rare-protest-record-floods-urals-rcna146967,url,010,6
2024-04-09,disaster,mo,городской округ город Тюмень,^городской\ округ\ город\ Тюмень$,"Tyumen, Tyumenskaya Oblast', Russia",positive,https://menafn.com/1108074734/Kazakhstan-And-Russia-Battle-Huge-Floods,url,160,6
2024-04-09,disaster,mo,городской округ город Тюмень,^городской\ округ\ город\ Тюмень$,"Tyumen, Tyumenskaya Oblast', Russia",positive,https://chronicle.lu/category/international-news/49283-thousands-of-people-at-risk-as-floods-hit-russias-south,url,114,5
2024-04-09,disaster,unmatched,,,"Irtysh, Omskaya Oblast', Russia",positive,https://www.firstpost.com/world/climate-change-melting-snow-causes-worst-flooding-in-70-years-in-russia-kazakhstan-100000-evacuated-13757998.html,url,036,5
2024-04-09,disaster,unmatched,,,"Ural, Sverdlovskaya Oblast', Russia",positive,https://www.thehindu.com/news/international/thousands-of-people-at-risk-as-floods-hit-russias-south/article68045571.ece,url,114,5
2024-04-09,disaster,unmatched,,,"Irtysh, Omskaya Oblast', Russia",positive,https://www.cnbctv18.com/world/russia-kazakhstan-rescue-people-worst-flood-seven-decades-19394528.htm,url,073,5
2024-04-09,disaster,mo,городской округ город Орск,^городской\ округ\ город\ Орск$,"Orsk, Orenburgskaya Oblast', Russia",positive,https://www.irishtimes.com/world/europe/2024/04/09/russia-and-kazakhstan-evacuate-more-than-100000-people-amid-worst-flooding-in-decades/,url,040,4
2024-04-09,disaster,mo,городской округ город Оренбург,^городской\ округ\ город\ Оренбург$,"Orenburg, Orenburgskaya Oblast', Russia",positive,https://www.marketscreener.com/news/latest/Russian-Railways-restricts-cargo-to-station-for-Orsk-oil-refinery-over-floods-46394884/,url,070,4
2024-04-09,disaster,unmatched,,,"Ural, Sverdlovskaya Oblast', Russia",positive,https://www.usnews.com/news/world/articles/2024-04-09/thousands-of-people-at-risk-as-floods-hit-russias-south,url,020,2
2024-04-09,disaster,mo,городской округ город Оренбург,^городской\ округ\ город\ Оренбург$,"Orenburg, Orenburgskaya Oblast', Russia",positive,https://www.hellenicshippingnews.com/kremlin-says-on-floods-the-most-difficult-days-are-still-ahead/,url,046,2
2024-04-09,disaster,mo,городской округ город Орск,^городской\ округ\ город\ Орск$,"Orsk, Orenburgskaya Oblast', Russia",positive,https://www.theglobeandmail.com/world/article-russia-kazakhstan-evacuate-over-100000-people-amid-worst-flooding-in/,url,174,2
2024-04-09,disaster,mo,городской округ город Орск,^городской\ округ\ город\ Орск$,"Orsk, Orenburgskaya Oblast', Russia",positive,https://www.usnews.com/news/world/articles/2024-04-09/kremlin-says-on-floods-the-most-difficult-days-are-still-ahead,url,090,1
2024-04-09,disaster,unmatched,,,"Irtysh, Omskaya Oblast', Russia",positive,https://www.pakistantoday.com.pk/2024/04/09/russia-kazakhstan-evacuate-over-100000-people-amid-worst-flooding-in-decades/,url,020,1
2024-04-10,disaster,mo,городской округ город Орск,^городской\ округ\ город\ Орск$,"Orsk, Orenburgskaya Oblast', Russia",positive,https://www.mandurahmail.com.au/story/8586152/russia-kazakhstan-evacuate-over-100000-from-floods/,url,010,115
2024-04-10,disaster,mo,городской округ город Оренбург,^городской\ округ\ город\ Оренбург$,"Orenburg, Orenburgskaya Oblast', Russia",positive,https://www.yahoo.com/news/thousands-evacuated-kazakhstan-russia-battle-081629768.html,url,090,92
2024-04-10,disaster,mo,городской округ город Оренбург,^городской\ округ\ город\ Оренбург$,"Orenburg, Orenburgskaya Oblast', Russia",positive,https://www.wral.com/story/floods-ravage-regions-of-russia-and-kazakhstan-but-worse-is-yet-to-come/21373013/,url,112,88
2024-04-10,disaster,mo,городской округ город Орск,^городской\ округ\ город\ Орск$,"Orsk, Orenburgskaya Oblast', Russia",positive,https://www.news.com.au/breaking-news/kremlin-warns-floods-may-worsen-as-kazakhstan-russia-evacuate-100000/news-story/af60616e5d23569630eac7e51a16245e,url,190,79
2024-04-10,disaster,unmatched,,,"Irtysh, Omskaya Oblast', Russia",positive,https://www.gmanetwork.com/news/topstories/world/903180/russia-kazakhstan-evacuate-over-100-000-people-amid-worst-flooding-in-decades/story/,url,174,68
2024-04-10,disaster,unmatched,,,"Tobol, Kaluzhskaya Oblast', Russia",positive,https://www.marketscreener.com/quote/currency/US-DOLLAR-RUSSIAN-ROUBLE--2370597/news/Homes-flooded-after-Ural-River-rises-quickly-in-Russia-s-Orenburg-46401017/,url,012,50
2024-04-10,disaster,unmatched,,,"Ural, Sverdlovskaya Oblast', Russia",positive,https://apnews.com/article/russia-ural-mountains-floods-orsk-dam-break-9f14551354c528c7dfcf4cd764b8738a,url,010,46
2024-04-10,disaster,mo,городской округ город Оренбург,^городской\ округ\ город\ Оренбург$,"Orenburg, Orenburgskaya Oblast', Russia",positive,https://www.terradaily.com/reports/Kazakhstan_and_Russia_battle_huge_floods_999.html,url,190,44
2024-04-10,disaster,unmatched,,,"Archangelsk, Arkhangel'skaya Oblast', Russia",positive,https://www.shorenewsnetwork.com/2024/04/10/explainer-floods-in-russia-and/,url,020,40
2024-04-10,disaster,mo,городской округ город Оренбург,^городской\ округ\ город\ Оренбург$,"Orenburg, Orenburgskaya Oblast', Russia",positive,https://www.aol.com/news/floods-swamp-scores-settlements-russia-051943400.html,url,043,35
2024-04-10,disaster,mo,городской округ город Оренбург,^городской\ округ\ город\ Оренбург$,"Orenburg, Orenburgskaya Oblast', Russia",positive,https://www.devdiscourse.com/article/science-environment/2883646-floods-swamp-swathes-of-russia-and-kazakhstan-but-worse-still-to-come,url,043,30
2024-04-10,disaster,unmatched,,,"Kremlin, Moskva, Russia",positive,https://sarajevotimes.com/the-kremlin-warns-that-the-level-of-flood-waters-in-the-south-of-russia-will-rise/,url,010,29
2024-04-10,disaster,mo,городской округ город Орск,^городской\ округ\ город\ Орск$,"Orsk, Orenburgskaya Oblast', Russia",positive,https://www.citizen.co.za/news/news-world/kazakhstan-and-russia-battle-huge-floods/,url,190,25
2024-04-10,disaster,unmatched,,,"Irtysh, Omskaya Oblast', Russia",positive,https://www.voanews.com/a/russia-kazakhstan-evacuate-100-000-people-in-worst-flooding-in-decades-/7563893.html,url,120,23
2024-04-10,disaster,mo,городской округ город Оренбург,^городской\ округ\ город\ Оренбург$,"Orenburg, Orenburgskaya Oblast', Russia",positive,https://www.yahoo.com/news/russians-flee-very-unusual-floods-173616153.html,url,013,22
2024-04-10,disaster,mo,городской округ город Орск,^городской\ округ\ город\ Орск$,"Orsk, Orenburgskaya Oblast', Russia",positive,https://www.devdiscourse.com/article/law-order/2883677-more-than-97000-people-evacuated-as-floods-hit-kazakhstan,url,092,20
2024-04-10,disaster,mo,городской округ город Орск,^городской\ округ\ город\ Орск$,"Orsk, Orenburgskaya Oblast', Russia",positive,https://www.aa.com.tr/en/europe/heavy-floods-in-russia-spread-to-40-regions-as-ural-river-in-orenburg-water-exceeds-critical-levels/3187914,url,020,20
2024-04-10,disaster,unmatched,,,"Bakhmut, Nizhegorodskaya Oblast', Russia",positive,https://www.usnews.com/news/world/articles/2024-04-10/homes-flooded-after-ural-river-rises-quickly-in-russias-orenburg,url,090,20
2024-04-10,disaster,unmatched,,,"Ural, Sverdlovskaya Oblast', Russia",positive,https://www.barrons.com/news/kremlin-says-very-tense-situation-in-flooded-regions-9f256505,url,010,19
2024-04-10,disaster,unmatched,,,"Kremlin, Moskva, Russia",positive,https://www.ibtimes.com/kremlin-warns-floods-may-worsen-kazakhstan-russia-evacuate-100000-3729305,url,010,18
2024-04-10,disaster,mo,городской округ город Орск,^городской\ округ\ город\ Орск$,"Orsk, Orenburgskaya Oblast', Russia",positive,https://www.yahoo.com/news/explainer-floods-russia-kazakhstan-bad-110705728.html,url,020,16
2024-04-10,disaster,unmatched,,,"Tobol, Kaluzhskaya Oblast', Russia",positive,https://english.aawsat.com/varieties/4958531-floods-swamp-scores-settlements-russia-and-kazakhstan,url,042,15
2024-04-10,disaster,unmatched,,,"Tobol, Kaluzhskaya Oblast', Russia",positive,https://www.terradaily.com/reports/Water_level_in_Russias_Orsk_critical_as_Kremlin_warns_of_more_floods_999.html,url,010,13
2024-04-10,disaster,unmatched,,,"Petropavlovsk, , Russia",positive,https://news.yahoo.com/russia-floods-ural-river-reaches-171400734.html,url,042,12
2024-04-10,disaster,mo,городской округ город Оренбург,^городской\ округ\ город\ Оренбург$,"Orenburg, Orenburgskaya Oblast', Russia",positive,https://edition.cnn.com/2024/04/10/world/russia-kazakhstan-floods-ural-putin-intl/,url,070,12
2024-04-10,disaster,unmatched,,,"Ural, Sverdlovskaya Oblast', Russia",positive,https://www.yahoo.com/news/flooding-continues-russias-orenburg-kremlin-104549851.html,url,036,10
2024-04-10,disaster,mo,городской округ город Оренбург,^городской\ округ\ город\ Оренбург$,"Orenburg, Orenburgskaya Oblast', Russia",positive,http://jordantimes.com/news/world/cities-russian-urals-west-siberia-brace-worst-floods-decades,url,036,10
2024-04-10,disaster,mo,городской округ город Орск,^городской\ округ\ город\ Орск$,"Orsk, Orenburgskaya Oblast', Russia",positive,https://www.icsf.net/newss/russia-kazakhstan-evacuate-over-100000-people-amid-worst-flooding-in-decades/,url,174,10
2024-04-10,disaster,mo,городской округ город Оренбург,^городской\ округ\ город\ Оренбург$,"Orenburg, Orenburgskaya Oblast', Russia",positive,https://www.japantimes.co.jp/news/2024/04/10/world/russia-kazakhstan-evacuate-flooding/,url,174,10
2024-04-10,disaster,unmatched,,,"Kremlin, Moskva, Russia",positive,https://www.devdiscourse.com/article/science-environment/2883828-floods-swamp-swathes-of-russia-and-kazakhstan-but-worse-still-to-come,url,020,10
2024-04-10,disaster,mo,городской округ город Орск,^городской\ округ\ город\ Орск$,"Orsk, Orenburgskaya Oblast', Russia",positive,https://www.nytimes.com/2024/04/10/world/europe/floods-russia-kazakhstan-evacuations.html,url,130,10
2024-04-10,disaster,unmatched,,,"Tobol, Kaluzhskaya Oblast', Russia",positive,https://www.euractiv.com/section/climate-environment/news/russia-kazakhstan-evacuate-over-100000-people-amid-worst-flooding-in-decades/,url,020,8
2024-04-10,disaster,unmatched,,,"Kremlin, Moskva, Russia",positive,https://www.ibtimes.com/thousands-evacuated-kazakhstan-russia-battle-huge-floods-3729287,url,090,8
2024-04-10,disaster,unmatched,,,"Tobol, Kaluzhskaya Oblast', Russia",positive,https://www.firstpost.com/world/russia-floods-kremlin-water-level-13758298-13758298.html,url,166,8
2024-04-10,disaster,unmatched,,,"Bakhmut, Nizhegorodskaya Oblast', Russia",positive,https://www.usnews.com/news/world/articles/2024-04-10/russians-flee-very-unusual-floods-in-boats-clutching-valuables-food-pets,url,090,7
2024-04-10,disaster,unmatched,,,"Kremlin, Moskva, Russia",positive,https://www.theglobeandmail.com/world/article-russians-stage-a-rare-protest-after-a-dam-bursts-and-homes-flood-near/,url,040,6
2024-04-10,disaster,unmatched,,,"Petersburg, Sankt-Peterburg, Russia",positive,https://www.tampabay.com/news/weather/2024/04/10/todays-weather-this-week-pinellas-tampa-florida-rain-storms-flooding/,url,010,6
2024-04-10,disaster,mo,городской округ город Орск,^городской\ округ\ город\ Орск$,"Orsk, Orenburgskaya Oblast', Russia",positive,https://www.hydrocarbonprocessing.com/news/2024/04/russias-orsk-refinery-declares-force-majeure-on-fuel-supply-due-to-floods/,url,172,6
2024-04-10,disaster,mo,городской округ город Оренбург,^городской\ округ\ город\ Оренбург$,"Orenburg, Orenburgskaya Oblast', Russia",positive,https://timesca.com/no-central-asian-country-can-cope-with-floods-droughts-on-its-own-expert-tells-tca/,url,071,6
2024-04-10,disaster,mo,городской округ город Оренбург,^городской\ округ\ город\ Оренбург$,"Orenburg, Orenburgskaya Oblast', Russia",positive,https://www.worthynews.com/94605-110000-flee-massive-flooding-in-russia-kazakhstan,url,043,5
2024-04-10,disaster,mo,городской округ город Оренбург,^городской\ округ\ город\ Оренбург$,"Orenburg, Orenburgskaya Oblast', Russia",positive,https://www.channelnewsasia.com/world/floods-russia-kazakhstan-worst-still-come-4252441,url,043,5
2024-04-10,disaster,unmatched,,,"Irtysh, Omskaya Oblast', Russia",positive,"https://dunyanews.tv/en/World/804284-Russia,-Kazakhstan-evacuate-over-100-000-people-amid-worst-flooding-in-d",url,174,5
2024-04-10,disaster,unmatched,,,"Kremlin, Moskva, Russia",positive,https://au.news.yahoo.com/floods-swamp-settlements-russia-kazakhstan-084459156.html,url,042,4
2024-04-10,disaster,mo,городской округ город Орск,^городской\ округ\ город\ Орск$,"Orsk, Orenburgskaya Oblast', Russia",positive,https://news.sky.com/story/russia-and-kazakhstan-floods-more-than-100000-people-evacuated-in-worst-flooding-in-decades-13112128,url,130,4
2024-04-10,disaster,mo,городской округ город Оренбург,^городской\ округ\ город\ Оренбург$,"Orenburg, Orenburgskaya Oblast', Russia",positive,https://www.upi.com/Top_News/World-News/2024/04/10/Kazakhstan-flood-Ural-Europe-Putin/8361712761856/,url,010,4
2024-04-10,disaster,unmatched,,,"Ural, Sverdlovskaya Oblast', Russia",positive,https://www.wboc.com/news/international/russians-stage-a-rare-protest-after-a-dam-bursts-and-homes-flood-near-the-kazakh/article_a49b58f5-fe0b-5388-8fc6-936cf62e0b57.html,url,141,4
2024-04-10,disaster,mo,городской округ город Орск,^городской\ округ\ город\ Орск$,"Orsk, Orenburgskaya Oblast', Russia",positive,https://www.news24.com/news24/world/news/tens-of-thousands-evacuated-in-kazakhstan-and-russiadue-to-flooding-20240410,url,010,3
2024-04-10,disaster,unmatched,,,"Kremlin, Moskva, Russia",positive,https://ktvz.com/news/national-world/cnn-world/2024/04/10/floods-ravage-regions-of-russia-and-kazakhstan-but-worse-is-yet-to-come/,url,043,2
2024-04-10,disaster,unmatched,,,"Zarya, Vladimirskaya Oblast', Russia",positive,https://www.marketscreener.com/quote/currency/US-DOLLAR-RUSSIAN-ROUBLE--2370597/news/Russians-flee-very-unusual-floods-in-boats-clutching-valuables-food-pets-46407812/,url,013,2
2024-04-10,disaster,mo,городской округ город Оренбург,^городской\ округ\ город\ Оренбург$,"Orenburg, Orenburgskaya Oblast', Russia",positive,https://globalnews.ca/news/10414342/russia-kazakhstan-flooding/,url,042,2
2024-04-10,disaster,mo,городской округ город Тюмень,^городской\ округ\ город\ Тюмень$,"Tyumen, Tyumenskaya Oblast', Russia",positive,https://www.irishtimes.com/world/europe/2024/04/10/floods-swamp-swathes-of-russia-and-kazakhstan-but-worse-forecast-to-come/,url,042,2
2024-04-10,disaster,mo,городской округ город Орск,^городской\ округ\ город\ Орск$,"Orsk, Orenburgskaya Oblast', Russia",positive,https://www.postcourier.com.pg/floods-swamp-scores-of-settlementsin-russia-and-kazakhstan/,url,020,2
2024-04-10,disaster,mo,городской округ город Тюмень,^городской\ округ\ город\ Тюмень$,"Tyumen, Tyumenskaya Oblast', Russia",positive,https://www.bignewsnetwork.com/news/274248920/kremlin-says-russias-flood-situation-still-tense,url,160,1
2024-04-10,disaster,unmatched,,,"Sorochinsk, Orenburgskaya Oblast', Russia",positive,https://www.newsday.com/news/nation/russia-ural-mountains-floods-orsk-dam-break-g78715,url,010,1
2024-04-11,disaster,mo,городской округ город Оренбург,^городской\ округ\ город\ Оренбург$,"Orenburg, Orenburgskaya Oblast', Russia",positive,https://www.marketscreener.com/quote/currency/US-DOLLAR-RUSSIAN-ROUBLE--2370597/news/Russia-and-Kazakhstan-battle-record-floods-as-rivers-rise-further-46409734/,url,110,206
2024-04-11,disaster,mo,городской округ город Оренбург,^городской\ округ\ город\ Оренбург$,"Orenburg, Orenburgskaya Oblast', Russia",positive,https://cyprus-mail.com/2024/04/11/russia-and-kazakhstan-battle-record-floods-as-rivers-rise-further/,url,190,152
2024-04-11,disaster,mo,городской округ город Оренбург,^городской\ округ\ город\ Оренбург$,"Orenburg, Orenburgskaya Oblast', Russia",positive,https://www.aol.com/floods-swamp-scores-settlements-russia-051943400.html,url,042,64
2024-04-11,disaster,unmatched,,,"Ural, Sverdlovskaya Oblast', Russia",positive,https://www.gjsentinel.com/news/us/water-levels-rise-and-homes-flood-in-russia-after-a-dam-bursts-near-the-kazakhstan/article_d67ec978-af58-58c0-af0d-2c9ffbe9362a.html,url,010,63
2024-04-11,disaster,mo,городской округ город Орск,^городской\ округ\ город\ Орск$,"Orsk, Orenburgskaya Oblast', Russia",positive,https://www.yahoo.com/news/russia-says-flood-situation-difficult-092319509.html,url,130,54
2024-04-11,disaster,mo,городской округ город Оренбург,^городской\ округ\ город\ Оренбург$,"Orenburg, Orenburgskaya Oblast', Russia",positive,https://hot96.com/2024/04/10/russians-flee-very-unusual-floods-in-boats-clutching-valuables-food-pets/,url,013,30
2024-04-11,disaster,unmatched,,,"Kremlin, Moskva, Russia",positive,https://www.marketscreener.com/quote/currency/US-DOLLAR-RUSSIAN-ROUBLE--2370597/news/Russia-and-Kazakhstan-battle-record-floods-as-rivers-rise-further-46413836/,url,036,24
2024-04-11,disaster,mo,городской округ город Тюмень,^городской\ округ\ город\ Тюмень$,"Tyumen, Tyumenskaya Oblast', Russia",positive,https://www.euronews.com/2024/04/11/russias-emergency-chief-visits-flood-hit-region-as-kremlin-warns-of-further-flooding,url,042,20
2024-04-11,disaster,unmatched,,,"Tobol, Kaluzhskaya Oblast', Russia",positive,https://www.easternriverinachronicle.com.au/story/8588488/floods-force-110000-evacuations-in-russia-kazakhstan/?cs=6364,url,130,20
2024-04-11,disaster,unmatched,,,"Tobol, Kaluzhskaya Oblast', Russia",positive,https://www.bignewsnetwork.com/news/274252366/russian-regions-grapple-with-severe-flooding-amid-rising-water-levels,url,010,18
2024-04-11,disaster,mo,городской округ город Орск,^городской\ округ\ город\ Орск$,"Orsk, Orenburgskaya Oblast', Russia",positive,https://www.terradaily.com/reports/Kremlin_warns_floods_may_worsen_as_Kazakhstan_Russia_evacuate_100000_999.html,url,111,15
2024-04-11,disaster,mo,городской округ город Оренбург,^городской\ округ\ город\ Оренбург$,"Orenburg, Orenburgskaya Oblast', Russia",positive,https://www.devdiscourse.com/article/science-environment/2885117-russia-and-kazakhstan-battle-record-floods-as-rivers-rise-further,url,010,12
2024-04-11,disaster,unmatched,,,"Moscow, Moskva, Russia",positive,https://www.theepochtimes.com/world/thousands-flee-homes-in-russia-kazakhstan-amid-worst-flooding-in-regions-recorded-history-5626882,url,018,11
2024-04-11,disaster,mo,городской округ город Орск,^городской\ округ\ город\ Орск$,"Orsk, Orenburgskaya Oblast', Russia",positive,https://www.spacewar.com/reports/Kazakhstan_and_Russia_battle_huge_floods_999.html,url,190,10
2024-04-11,disaster,mo,городской округ город Оренбург,^городской\ округ\ город\ Оренбург$,"Orenburg, Orenburgskaya Oblast', Russia",positive,https://www.heraldmalaysia.com/news/pope-asks-for-prayers-for-those-affected-by-flooding-in-kazakhstan/75560/1,url,042,10
2024-04-11,disaster,mo,городской округ город Орск,^городской\ округ\ город\ Орск$,"Orsk, Orenburgskaya Oblast', Russia",positive,https://ktla.com/news/nationworld/ap-international/ap-russians-stage-a-rare-protest-after-a-dam-bursts-and-homes-flood-near-the-kazakh-border/,url,010,9
2024-04-11,disaster,mo,городской округ город Тюмень,^городской\ округ\ город\ Тюмень$,"Tyumen, Tyumenskaya Oblast', Russia",positive,https://www.devdiscourse.com/article/science-environment/2885027-russias-tyumen-to-have-peak-of-floods-by-april-23-25-governor-says,url,036,8
2024-04-11,disaster,mo,городской округ город Оренбург,^городской\ округ\ город\ Оренбург$,"Orenburg, Orenburgskaya Oblast', Russia",positive,https://www.devdiscourse.com/article/science-environment/2884857-flooding-in-russian-city-of-orenburg-to-reach-peak-today-say-local-authorities,url,190,8
2024-04-11,disaster,mo,городской округ город Орск,^городской\ округ\ город\ Орск$,"Orsk, Orenburgskaya Oblast', Russia",positive,https://www.iraqinews.com/world/kremlin-warns-floods-may-worsen-as-kazakhstan-russia-evacuate-100000/,url,190,8
2024-04-11,disaster,unmatched,,,"Ural, Sverdlovskaya Oblast', Russia",positive,https://infotel.ca/newsitem/eu-russia-floods/cp1784468395,url,010,6
2024-04-11,disaster,unmatched,,,"Ural, Sverdlovskaya Oblast', Russia",positive,https://www.albanyherald.com/news/floods-ravage-regions-of-russia-and-kazakhstan-but-worse-is-yet-to-come/article_b051f7ad-6e3c-57dc-bbd7-4a8822d8672b.html,url,141,5
2024-04-11,disaster,mo,городской округ город Оренбург,^городской\ округ\ город\ Оренбург$,"Orenburg, Orenburgskaya Oblast', Russia",positive,https://sputnikglobe.com/20240411/close-to-8000-people-evacuated-from-flooded-areas-of-russias-orenburg-1117864391.html,url,010,4
2024-04-11,disaster,unmatched,,,"Tobol, Kaluzhskaya Oblast', Russia",positive,https://www.rappler.com/world/europe/russia-kazakhstan-flooding-april-10-2024/,url,112,3
2024-04-11,disaster,unmatched,,,"Vyazma, Smolenskaya Oblast', Russia",positive,https://www.newsmax.com/world/globaltalk/russia-ural-mountains-floods-orsk-dam-break/2024/04/10/id/1160525/,url,010,3
2024-04-11,disaster,unmatched,,,"Kremlin, Moskva, Russia",positive,https://www.rnz.co.nz/news/world/514015/110-000-people-to-evacuate-a-s-floods-swamp-russia-kazakhstan,url,010,2
2024-04-11,disaster,unmatched,,,"Ural, Sverdlovskaya Oblast', Russia",positive,https://astanatimes.com/2024/04/kazakhstan-evacuates-nearly-98000-people-since-onset-of-flooding/,url,046,2
2024-04-11,disaster,mo,городской округ город Оренбург,^городской\ округ\ город\ Оренбург$,"Orenburg, Orenburgskaya Oblast', Russia",positive,https://www.stabroeknews.com/2024/04/11/news/world/russia-and-kazakhstan-battle-record-floods-as-rivers-rise-further/,url,111,2
2024-04-11,disaster,unmatched,,,"Kremlin, Moskva, Russia",positive,https://www.devdiscourse.com/article/politics/2884808-kremlin-says-putin-will-soon-talk-to-the-governors-of-flooded-regions,url,036,2
2024-04-12,disaster,mo,городской округ город Оренбург,^городской\ округ\ город\ Оренбург$,"Orenburg, Orenburgskaya Oblast', Russia",positive,https://www.streetinsider.com/Reuters/Russian+city+calls+for+a+mass+evacuation+due+to+rising+flood+waters/23059209.html,url,020,138
2024-04-12,disaster,unmatched,,,"Ural, Sverdlovskaya Oblast', Russia",positive,https://www.theglobeandmail.com/world/article-russian-city-calls-for-mass-evacuations-due-to-rapidly-rising-flood/,url,111,70
2024-04-12,disaster,mo,городской округ город Орск,^городской\ округ\ город\ Орск$,"Orsk, Orenburgskaya Oblast', Russia",positive,https://www.barrons.com/news/russia-flood-levels-rise-d6ba7a9f,url,013,66
2024-04-12,disaster,mo,городской округ город Оренбург,^городской\ округ\ город\ Оренбург$,"Orenburg, Orenburgskaya Oblast', Russia",positive,https://www.odt.co.nz/news/world/thousands-flee-major-floods-russia-kazakhstan,url,010,60
2024-04-12,disaster,mo,городской округ город Тюмень,^городской\ округ\ город\ Тюмень$,"Tyumen, Tyumenskaya Oblast', Russia",positive,https://www.cnn.com/2024/04/12/europe/russia-kazakhstan-floods-intl/,url,060,58
2024-04-12,disaster,mo,городской округ город Оренбург,^городской\ округ\ город\ Оренбург$,"Orenburg, Orenburgskaya Oblast', Russia",positive,https://www.marketscreener.com/news/latest/We-re-like-Noah-s-ark-says-animal-shelter-in-flooded-Russian-city-46423471/,url,013,51
2024-04-12,disaster,unmatched,,,"Moscow, Moskva, Russia",positive,https://www.streetinsider.com/Reuters/Russias+Orenburg+orders+mass+evacuation+due+to+dangerous+floods/23058949.html,url,166,40
2024-04-12,disaster,unmatched,,,"Ural, Sverdlovskaya Oblast', Russia",positive,https://www.startribune.com/russian-authorities-announced-mass-evacuation-for-flood-hit-city-near-kazakhstan-border/600358459/,url,020,38
2024-04-12,disaster,mo,городской округ город Орск,^городской\ округ\ город\ Орск$,"Orsk, Orenburgskaya Oblast', Russia",positive,https://news.yahoo.com/russia-kazakhstan-floods-high-water-104133220.html,url,0256,32
2024-04-12,disaster,unmatched,,,"Tobol, Kaluzhskaya Oblast', Russia",positive,https://www.themoscowtimes.com/2024/04/12/russian-priests-fight-river-flooding-with-prayer-from-above-a84821,url,020,30
2024-04-12,disaster,mo,городской округ город Оренбург,^городской\ округ\ город\ Оренбург$,"Orenburg, Orenburgskaya Oblast', Russia",positive,https://www.marketscreener.com/quote/currency/US-DOLLAR-RUSSIAN-ROUBLE--2370597/news/Russia-s-Orenburg-orders-mass-evacuation-due-to-dangerous-floods-46422277/,url,166,26
2024-04-12,disaster,unmatched,,,"Ural, Sverdlovskaya Oblast', Russia",positive,http://thepeninsulaqatar.com/article/12/04/2024/mayor-orders-mass-evacuations-in-russia-flood-city,url,010,22
2024-04-12,disaster,unmatched,,,"Kremlin, Moskva, Russia",positive,https://www.yahoo.com/news/mass-evacuation-underway-city-floods-123932747.html,url,020,20
2024-04-12,disaster,mo,городской округ город Оренбург,^городской\ округ\ город\ Оренбург$,"Orenburg, Orenburgskaya Oblast', Russia",positive,https://www.thecourier.co.uk/news/uk-world/4947973/mass-evacuation-ordered-in-russian-city-as-river-levels-rise/,url,020,18
2024-04-12,disaster,unmatched,,,"Tobol, Kaluzhskaya Oblast', Russia",positive,https://www.usnews.com/news/world/articles/2024-04-12/russian-city-calls-for-a-mass-evacuation-due-to-rising-flood-waters,url,020,18
2024-04-12,disaster,mo,городской округ город Оренбург,^городской\ округ\ город\ Оренбург$,"Orenburg, Orenburgskaya Oblast', Russia",positive,https://www.devdiscourse.com/article/law-order/2885853-russias-orenburg-orders-mass-evacuation-due-to-dangerous-floods,url,020,16
2024-04-12,disaster,unmatched,,,"Berezhok, Novgorodskaya Oblast', Russia",positive,http://www.rightspeak.net/2024/04/flood-engulfs-kurgan-with-rus-only-ifv.html,url,190,15
2024-04-12,disaster,mo,городской округ город Орск,^городской\ округ\ город\ Орск$,"Orsk, Orenburgskaya Oblast', Russia",positive,https://www.terradaily.com/reports/Kazakh_town_evacuates_after_worst_flood_in_decades_999.html,url,010,13
2024-04-12,disaster,unmatched,,,"Moscow, Moskva, Russia",positive,https://www.the-star.co.ke/news/world/2024-04-12-russian-floods-leave-houses-almost-submerged/,url,0256,10
2024-04-12,disaster,unmatched,,,"Ural, Sverdlovskaya Oblast', Russia",positive,https://www.cbc.bb/news/international-news/severe-flooding-rips-through-russian-city-of-orenburg/,url,020,10
2024-04-12,disaster,mo,городской округ город Оренбург,^городской\ округ\ город\ Оренбург$,"Orenburg, Orenburgskaya Oblast', Russia",positive,https://www.independent.co.uk/climate-change/news/russia-kazakhstan-flood-evacuation-latest-b2527751.html,url,020,10
2024-04-12,disaster,unmatched,,,"Ural, Sverdlovskaya Oblast', Russia",positive,https://www.gulftoday.ae/opinion/2024/04/12/floods-in-russia-kazakhstan-cause-havoc,url,172,10
2024-04-12,disaster,mo,городской округ город Оренбург,^городской\ округ\ город\ Оренбург$,"Orenburg, Orenburgskaya Oblast', Russia",positive,https://www.usnews.com/news/world/articles/2024-04-12/were-like-noahs-ark-says-animal-shelter-in-flooded-russian-city,url,017,8
2024-04-12,disaster,mo,городской округ город Орск,^городской\ округ\ город\ Орск$,"Orsk, Orenburgskaya Oblast', Russia",positive,https://www.bolnews.com/international/2024/04/russian-city-of-orenburg-faces-great-danger-as-flood-water-level-rises/,url,020,8
2024-04-12,disaster,unmatched,,,"Moscow, Moskva, Russia",positive,https://guernseypress.com/news/world-news/2024/04/12/mass-evacuation-ordered-in-russian-city-as-river-levels-rise/,url,166,8
2024-04-12,disaster,mo,городской округ город Оренбург,^городской\ округ\ город\ Оренбург$,"Orenburg, Orenburgskaya Oblast', Russia",positive,https://www.abc.net.au/news/2024-04-13/russia-orders-mass-evacuation-in-flooded-city-of-orenburg/103703646,url,010,7
2024-04-12,disaster,unmatched,,,"Ural, Sverdlovskaya Oblast', Russia",positive,https://www.theargus.co.uk/news/national/24250850.mass-evacuation-ordered-russian-city-river-levels-rise/,url,020,6
2024-04-12,disaster,unmatched,,,"Ural, Sverdlovskaya Oblast', Russia",positive,https://www.belfasttelegraph.co.uk/news/world-news/mass-evacuation-ordered-in-russian-city-as-river-levels-rise/a1287280916.html,url,020,6
2024-04-12,disaster,mo,городской округ город Орск,^городской\ округ\ город\ Орск$,"Orsk, Orenburgskaya Oblast', Russia",positive,https://learningenglish.voanews.com/a/floods-hit-russia-and-kazakhstan-after-dam-failure-heavy-rains/7566187.html,url,042,6
2024-04-12,disaster,unmatched,,,"Volga, Yaroslavskaya Oblast', Russia",positive,https://www.thestatesman.com/world/russian-regions-grapple-with-severe-flooding-amid-rising-water-levels-1503289569.html,url,190,5
2024-04-12,disaster,unmatched,,,"Ural Mountains, Russia (general), Russia",positive,https://abcnews.go.com/International/wireStory/russian-authorities-announced-mass-evacuation-flood-hit-city-109179077,url,020,4
2024-04-12,disaster,unmatched,,,"Moscow, Moskva, Russia",positive,https://www.dw.com/en/russia-floods-critical-mass-evacuations-ordered/a-68807636,url,112,4
2024-04-12,disaster,mo,городской округ город Оренбург,^городской\ округ\ город\ Оренбург$,"Orenburg, Orenburgskaya Oblast', Russia",positive,https://www.themoscowtimes.com/2024/04/12/more-homes-inundated-as-russias-orenburg-braces-for-two-day-flood-peak-a84817,url,043,4
2024-04-12,disaster,unmatched,,,"Kremlin, Moskva, Russia",positive,https://krdo.com/news/2024/04/12/mass-evacuation-underway-in-city-as-floods-worsen-in-russia-and-kazakhstan/,url,070,3
2024-04-12,disaster,unmatched,,,"Bakhmut, Nizhegorodskaya Oblast', Russia",positive,https://www.usnews.com/news/world/articles/2024-04-12/russias-orenburg-orders-mass-evacuation-due-to-dangerous-floods,url,020,2
2024-04-12,disaster,mo,городской округ город Оренбург,^городской\ округ\ город\ Оренбург$,"Orenburg, Orenburgskaya Oblast', Russia",positive,https://alkhaleejtoday.co/international/5831036/Russia-floods-High-water-levels-swamp-Orenburg-houses.html,url,0256,2
2024-04-12,disaster,mo,городской округ город Орск,^городской\ округ\ город\ Орск$,"Orsk, Orenburgskaya Oblast', Russia",positive,https://www.ecowatch.com/rivers-flooding-russia-kazakhstan.html,url,060,2
2024-04-12,disaster,mo,городской округ город Оренбург,^городской\ округ\ город\ Оренбург$,"Orenburg, Orenburgskaya Oblast', Russia",positive,https://www.rnz.co.nz/news/world/514165/russia-kazakhstan-floods-high-water-levels-swamp-orenburg-houses,url,010,2
2024-04-12,disaster,unmatched,,,"Kaminskoye, Kurganskaya Oblast', Russia",positive,https://www.marketscreener.com/news/latest/Flooded-Russian-city-calls-for-mass-evacuations-46426629/,url,013,1
2024-04-12,disaster,mo,городской округ город Оренбург,^городской\ округ\ город\ Оренбург$,"Orenburg, Orenburgskaya Oblast', Russia",positive,https://www.rte.ie/news/world/2024/0412/1443180-russia-flooding/,url,010,1
2024-04-13,disaster,unmatched,,,"Ural, Sverdlovskaya Oblast', Russia",positive,https://www.thenews.com.pk/print/1177789-russian-city-calls-for-mass-evacuations-due-to-rapidly-rising-flood-waters,url,111,90
2024-04-13,disaster,mo,городской округ город Оренбург,^городской\ округ\ город\ Оренбург$,"Orenburg, Orenburgskaya Oblast', Russia",positive,https://www.theage.com.au/world/europe/faster-melting-snow-causes-major-flooding-in-russia-and-kazakhstan-20240413-p5fjkh.html,url,110,40
2024-04-13,disaster,mo,городской округ город Оренбург,^городской\ округ\ город\ Оренбург$,"Orenburg, Orenburgskaya Oblast', Russia",positive,https://www.hindustantimes.com/world-news/thousands-flee-flooding-in-southern-russia-101713028361495.html,url,128,26
2024-04-13,disaster,unmatched,,,"Tobol, Kaluzhskaya Oblast', Russia",positive,https://www.ibtimes.com/russian-governor-warns-very-difficult-plight-floods-rise-3729590,url,010,20
2024-04-13,disaster,mo,городской округ город Оренбург,^городской\ округ\ город\ Оренбург$,"Orenburg, Orenburgskaya Oblast', Russia",positive,https://www.thestandard.com.hk/breaking-news/section/6/215293/Russian-city-calls-for-mass-evacuations-due-to-rapidly-rising-flood-waters&nbsp,url,020,16
2024-04-13,disaster,mo,городской округ город Оренбург,^городской\ округ\ город\ Оренбург$,"Orenburg, Orenburgskaya Oblast', Russia",positive,https://jerseyeveningpost.com/morenews/worldnews/2024/04/12/mass-evacuation-ordered-in-russian-city-as-river-levels-rise/,url,020,12
2024-04-13,disaster,unmatched,,,"Ural, Sverdlovskaya Oblast', Russia",positive,https://abcnews.go.com/Business/wireStory/russian-authorities-announced-mass-evacuation-flood-hit-city-109179078,url,020,12
2024-04-13,disaster,mo,городской округ город Орск,^городской\ округ\ город\ Орск$,"Orsk, Orenburgskaya Oblast', Russia",positive,https://www.citizen.co.za/news/news-world/mayor-orders-mass-evacuations-in-russia-flood-city/,url,013,12
2024-04-13,disaster,unmatched,,,"Bashkortostan, Bashkortostan, Russia",positive,https://www.rferl.org/a/russia-orenburg-evacuation-flooding/32903772.html,url,010,10
2024-04-13,disaster,unmatched,,,"Moscow, Moskva, Russia",positive,https://www.terradaily.com/reports/Mayor_orders_mass_evacuations_in_Russia_flood_city_999.html,url,166,10
2024-04-13,disaster,unmatched,,,"Tobol, Kaluzhskaya Oblast', Russia",positive,https://www.terradaily.com/reports/Flying_Russian_priests_pray_for_floods_to_end_999.html,url,043,10
2024-04-13,disaster,mo,городской округ город Орск,^городской\ округ\ город\ Орск$,"Orsk, Orenburgskaya Oblast', Russia",positive,https://www.yahoo.com/news/flooding-russias-orenburg-kurgan-oblasts-095301303.html,url,020,10
2024-04-13,disaster,unmatched,,,"Ural, Sverdlovskaya Oblast', Russia",positive,https://www.breakingnews.ie/world/mass-evacuation-ordered-in-russian-city-as-river-levels-rise-1612818.html,url,166,9
2024-04-13,disaster,mo,городской округ город Оренбург,^городской\ округ\ город\ Оренбург$,"Orenburg, Orenburgskaya Oblast', Russia",positive,https://www.dw.com/en/russia-floods-water-level-reaches-new-high-in-orenburg/a-68812407,url,043,8
2024-04-13,disaster,mo,городской округ город Оренбург,^городской\ округ\ город\ Оренбург$,"Orenburg, Orenburgskaya Oblast', Russia",positive,https://timesofindia.indiatimes.com/world/europe/russian-city-calls-for-mass-evacuations-due-to-due-to-rising-flood-waters/articleshow/109262390.cms,url,018,6
2024-04-13,disaster,mo,городской округ город Орск,^городской\ округ\ город\ Орск$,"Orsk, Orenburgskaya Oblast', Russia",positive,https://www.giornaledibrescia.it/italia-e-estero/in-russia-gia-14000-evacuati-per-inondazioni-a-orenburg-r5lcpxzj,url,010,6
2024-04-13,disaster,mo,городской округ город Оренбург,^городской\ округ\ город\ Оренбург$,"Orenburg, Orenburgskaya Oblast', Russia",positive,https://www.asiaone.com/world/were-noahs-ark-says-animal-shelter-flooded-russian-city,url,013,4
2024-04-13,disaster,unmatched,,,"Tobol, Kaluzhskaya Oblast', Russia",positive,https://www.newdelhitimes.com/russian-city-calls-for-mass-evacuations-as-floodwaters-rise/,url,020,4
2024-04-13,disaster,unmatched,,,"Kaminskoye, Kurganskaya Oblast', Russia",positive,https://www.voanews.com/a/russian-city-calls-for-mass-evacuations-as-floodwaters-rise/7568581.html,url,020,2
2024-04-14,disaster,mo,городской округ город Тюмень,^городской\ округ\ город\ Тюмень$,"Tyumen, Tyumenskaya Oblast', Russia",positive,https://www.usnews.com/news/world/articles/2024-04-14/russias-kurgan-governor-calls-on-residents-to-evacuate-flooded-areas-as-waters-rise,url,012,70
2024-04-14,disaster,mo,городской округ город Тюмень,^городской\ округ\ город\ Тюмень$,"Tyumen, Tyumenskaya Oblast', Russia",positive,https://www.straitstimes.com/asia/russias-kurgan-governor-calls-on-residents-to-evacuate-flooded-areas-as-waters-rise,url,012,60
2024-04-14,disaster,mo,городской округ город Оренбург,^городской\ округ\ город\ Оренбург$,"Orenburg, Orenburgskaya Oblast', Russia",positive,https://www.thedailystar.net/news/world/news/thousands-flee-flooding-southern-russia-3586971,url,128,30
2024-04-14,disaster,mo,городской округ город Тюмень,^городской\ округ\ город\ Тюмень$,"Tyumen, Tyumenskaya Oblast', Russia",positive,https://www.cbsnews.com/news/flooding-russia-kazahkstan-afgahnistan-deaths-evacuations-2024-climate/,url,010,13
2024-04-14,disaster,unmatched,,,"Tobol, Kaluzhskaya Oblast', Russia",positive,https://www.theglobeandmail.com/world/article-russias-kurgan-governor-calls-on-residents-to-evacuate-flooded-areas/,url,020,12
2024-04-14,disaster,mo,городской округ город Оренбург,^городской\ округ\ город\ Оренбург$,"Orenburg, Orenburgskaya Oblast', Russia",positive,https://www.giornaledibrescia.it/italia-e-estero/russia-oltre-16mila-gli-evacuati-per-le-inondazioni-a-orenburg-xm51ko9b,url,166,10
2024-04-14,disaster,mo,городской округ город Орск,^городской\ округ\ город\ Орск$,"Orsk, Orenburgskaya Oblast', Russia",positive,https://www.dawn.com/news/1827326/thousands-evacuated-from-flood-hit-russian-city,url,128,10
2024-04-14,disaster,unmatched,,,"Ural Mountains, Russia (general), Russia",positive,https://www.newdelhitimes.com/russian-authorities-announced-mass-evacuation-for-flood-hit-city-near-kazakhstan-border/,url,020,4
2024-04-15,disaster,unmatched,,,"Ural, Sverdlovskaya Oblast', Russia",positive,https://www.hometownregister.com/news/national/russias-siberia-braces-for-devastating-flood-peak/article_1604ef79-bf78-5f24-9194-f16d33b9b2cb.html,url,036,132
2024-04-15,disaster,unmatched,,,"Moscow, Moskva, Russia",positive,https://www.yahoo.com/news/floods-kill-dozens-force-thousands-122047958.html,url,013,24
2024-04-15,disaster,mo,городской округ город Тюмень,^городской\ округ\ город\ Тюмень$,"Tyumen, Tyumenskaya Oblast', Russia",positive,https://www.thenews.com.pk/print/1178459-russia-s-kurgan-governor-calls-on-residents-to-evacuate-flooded-areas,url,012,10
2024-04-15,disaster,mo,городской округ город Орск,^городской\ округ\ город\ Орск$,"Orsk, Orenburgskaya Oblast', Russia",positive,https://www.newsweek.com/russia-flood-siberia-tomsk-orenberg-putin-1890233,url,174,10
2024-04-15,disaster,unmatched,,,"Buryatia, Buryatiya, Russia",positive,https://www.express.co.uk/news/world/1888678/russia-flooding-deadly-disease-fears-bodies-graves,url,023,10
2024-04-15,disaster,mo,городской округ город Оренбург,^городской\ округ\ город\ Оренбург$,"Orenburg, Orenburgskaya Oblast', Russia",positive,https://www.rferl.org/a/russia-floods-kurgan-evacuations/32905629.html,url,112,8
2024-04-15,disaster,mo,городской округ город Оренбург,^городской\ округ\ город\ Оренбург$,"Orenburg, Orenburgskaya Oblast', Russia",positive,https://www.themoscowtimes.com/2024/04/15/in-photos-orenburg-flooding-reaches-peak-a84843,url,010,8
2024-04-15,disaster,mo,городской округ город Тюмень,^городской\ округ\ город\ Тюмень$,"Tyumen, Tyumenskaya Oblast', Russia",positive,https://www.aljazeera.com/news/2024/4/15/mass-evacuations-as-floods-in-russias-kurgan-region-set-to-peak,url,010,7
2024-04-15,disaster,unmatched,,,"Tobol, Kaluzhskaya Oblast', Russia",positive,https://pakistankakhudahafiz.com/wp/russian-area-forecasts-extremely-challenging-flood-conditions/,url,100,5
2024-04-15,disaster,unmatched,,,"Tobol, Kaluzhskaya Oblast', Russia",positive,https://www.terradaily.com/reports/Russian_governor_warns_of_very_difficult_plight_as_floods_rise_999.html,url,036,4
2024-04-15,disaster,unmatched,,,"Tobol, Kaluzhskaya Oblast', Russia",positive,https://www.straitstimes.com/asia/floods-grip-kazakhstan-and-russia-as-tributaries-of-ob-rise,url,130,2
2024-04-16,disaster,mo,городской округ город Тюмень,^городской\ округ\ город\ Тюмень$,"Tyumen, Tyumenskaya Oblast', Russia",positive,https://www.marketscreener.com/quote/currency/US-DOLLAR-RUSSIAN-ROUBLE--2370597/news/Russia-s-agricultural-sector-largely-unscathed-by-floods-minister-says-46445960/,url,010,70
2024-04-16,disaster,unmatched,,,"Moscow, Moskva, Russia",positive,https://www.themoscowtimes.com/2024/04/16/more-evacuations-in-russias-urals-western-siberia-as-water-levels-rise-a84851,url,111,38
2024-04-16,disaster,mo,городской округ город Орск,^городской\ округ\ город\ Орск$,"Orsk, Orenburgskaya Oblast', Russia",positive,https://www.the-star.co.ke/news/world/2024-04-16-colossal-floods-heading-for-russian-city/,url,114,30
2024-04-16,disaster,unmatched,,,"Moscow, Moskva, Russia",positive,https://aninews.in/news/national/general-news/not-just-election-posters-meghalaya-flooded-with-tourists-ahead-of-lok-sabha-polls20240416151246/,url,036,18
2024-04-16,disaster,mo,городской округ город Орск,^городской\ округ\ город\ Орск$,"Orsk, Orenburgskaya Oblast', Russia",positive,https://www.asianews.it/news-en/Floods-between-Russia-and-Kazakhstan-60551.html,url,020,10
2024-04-16,disaster,mo,городской округ город Оренбург,^городской\ округ\ город\ Оренбург$,"Orenburg, Orenburgskaya Oblast', Russia",positive,https://article.wn.com/view/2024/04/16/Colossal_floods_heading_for_Russian_city_a/,url,042,10
2024-04-16,disaster,mo,городской округ город Орск,^городской\ округ\ город\ Орск$,"Orsk, Orenburgskaya Oblast', Russia",positive,https://www.rferl.org/a/russia-colossal-floods-tyumen-ishim-evacuation/32907214.html,url,174,10
2024-04-16,disaster,unmatched,,,"Ural, Sverdlovskaya Oblast', Russia",positive,https://www.swissinfo.ch/eng/kazakhstan%2c-russia-grapple-with-floods-along-siberian-rivers/75820850,url,010,8
2024-04-16,disaster,mo,городской округ город Тюмень,^городской\ округ\ город\ Тюмень$,"Tyumen, Tyumenskaya Oblast', Russia",positive,https://www.thehindu.com/news/international/flood-hit-russian-regions-brace-for-devastating-peak/article68070731.ece,url,010,6
2024-04-16,disaster,mo,городской округ город Тюмень,^городской\ округ\ город\ Тюмень$,"Tyumen, Tyumenskaya Oblast', Russia",positive,https://www.bignewsnetwork.com/news/274277761/over-13000-people-evacuated-in-russias-kurgan-region-due-to-floods,url,190,6
2024-04-16,disaster,unmatched,,,"Moscow, Moskva, Russia",positive,https://www.yahoo.com/news/bloomberg-russia-trying-force-evacuation-123505398.html,url,036,6
2024-04-16,disaster,mo,городской округ город Оренбург,^городской\ округ\ город\ Оренбург$,"Orenburg, Orenburgskaya Oblast', Russia",positive,https://www.swissinfo.ch/eng/russia%2c-kazakhstan-fight-floods-as-putin-ally-says-officials-should-have-done-better/75820850,url,010,5
2024-04-16,disaster,unmatched,,,"Ural, Sverdlovskaya Oblast', Russia",positive,https://www.asiaone.com/world/hundreds-houses-plots-flooded-russias-kurgan-region,url,010,3
2024-04-16,disaster,unmatched,,,"Ural, Sverdlovskaya Oblast', Russia",positive,https://www.marketscreener.com/quote/currency/US-DOLLAR-RUSSIAN-ROUBLE--2370597/news/Hundreds-of-houses-plots-flooded-in-Russia-s-Kurgan-region-46440590/,url,010,3
2024-04-16,disaster,mo,городской округ город Тюмень,^городской\ округ\ город\ Тюмень$,"Tyumen, Tyumenskaya Oblast', Russia",positive,https://www.devdiscourse.com/article/science-environment/2899163-update-2-kazakhstan-russia-grapple-with-floods-along-siberian-rivers,url,020,2
2024-04-16,disaster,unmatched,,,"Ural, Sverdlovskaya Oblast', Russia",positive,https://www.aol.com/hundreds-houses-plots-flooded-russias-040637365.html,url,0233,1
2024-04-17,disaster,mo,городской округ город Тюмень,^городской\ округ\ город\ Тюмень$,"Tyumen, Tyumenskaya Oblast', Russia",positive,https://timesofindia.indiatimes.com/city/chennai/anna-nagar-residents-want-flood-issues-addressed-by-ls-candidates/articleshow/109358232.cms,url,020,50
2024-04-17,disaster,mo,городской округ город Оренбург,^городской\ округ\ город\ Оренбург$,"Orenburg, Orenburgskaya Oblast', Russia",positive,https://wtvbam.com/2024/04/17/russian-villagers-build-homemade-dam-to-keep-out-floods/,url,051,18
2024-04-17,disaster,unmatched,,,"Tobol, Kaluzhskaya Oblast', Russia",positive,https://www.terradaily.com/reports/Russia_orders_fresh_evacuations_in_Siberia_over_flood_fears_999.html,url,031,10
2024-04-17,disaster,mo,городской округ город Орск,^городской\ округ\ город\ Орск$,"Orsk, Orenburgskaya Oblast', Russia",positive,https://www.adventistworld.org/adra-provides-quick-response-to-flooding-in-russia/,url,020,10
2024-04-17,disaster,mo,городской округ город Оренбург,^городской\ округ\ город\ Оренбург$,"Orenburg, Orenburgskaya Oblast', Russia",positive,https://www.odt.co.nz/news/world/tens-thousands-flee-floods-kazakhstan,url,042,5
2024-04-18,disaster,mo,городской округ город Оренбург,^городской\ округ\ город\ Оренбург$,"Orenburg, Orenburgskaya Oblast', Russia",positive,https://www.bignewsnetwork.com/news/274284869/russian-regions-fight-flood-as-water-levels-remain-high,url,010,35
2024-04-18,disaster,mo,городской округ город Оренбург,^городской\ округ\ город\ Оренбург$,"Orenburg, Orenburgskaya Oblast', Russia",positive,https://www.barrons.com/news/what-s-causing-the-record-bad-floods-in-russia-4821919f,url,010,12
2024-04-18,disaster,unmatched,,,"Ural, Sverdlovskaya Oblast', Russia",positive,https://www.themoscowtimes.com/2024/04/18/at-least-7-people-killed-in-russian-floods-istories-a84879,url,190,10
2024-04-18,disaster,unmatched,,,"Tobol, Kaluzhskaya Oblast', Russia",positive,https://www.marketscreener.com/news/latest/Western-Kazakhstan-braces-for-Ural-floods-river-Ob-threatens-Siberia-46462593/,url,036,6
2024-04-18,disaster,mo,городской округ город Орск,^городской\ округ\ город\ Орск$,"Orsk, Orenburgskaya Oblast', Russia",positive,https://www.terradaily.com/reports/Putin_calls_to_protect_flood-hit_areas_from_looting_999.html,url,013,6
2024-04-18,disaster,mo,городской округ город Оренбург,^городской\ округ\ город\ Оренбург$,"Orenburg, Orenburgskaya Oblast', Russia",positive,https://akipress.com/news:769487:Ethnic_Kyrgyz_affected_by_flooding_in_Orengburg_are_Russian_citizens_-_Foreign_Ministry/,url,092,2
2024-04-19,disaster,mo,городской округ город Тюмень,^городской\ округ\ город\ Тюмень$,"Tyumen, Tyumenskaya Oblast', Russia",positive,https://www.marketscreener.com/news/latest/Oil-rich-regions-in-Kazakhstan-brace-for-floods-Siberian-rivers-burst-in-Russia-46477380/,url,020,60
2024-04-19,disaster,mo,городской округ город Оренбург,^городской\ округ\ город\ Оренбург$,"Orenburg, Orenburgskaya Oblast', Russia",positive,https://www.bnnbloomberg.ca/russia-and-kazakhstan-suffer-worst-flooding-in-80-years-1.2061345,url,190,10
2024-04-19,disaster,mo,городской округ город Оренбург,^городской\ округ\ город\ Оренбург$,"Orenburg, Orenburgskaya Oblast', Russia",positive,https://www.philstar.com/headlines/climate-and-environment/2024/04/19/2348905/whats-causing-record-bad-floods-russia,url,120,8
2024-04-19,disaster,unmatched,,,"Ulitsa, Bryanskaya Oblast', Russia",positive,https://nuclear-news.net/2024/04/19/2-a1-nuclear-expert-fears-flooded-radioactive-dump-sites-in-siberia-can-threaten-arctic-ocean/,url,010,2
2024-04-19,disaster,unmatched,,,"Ural Mountains, Russia (general), Russia",positive,https://financialpost.com/pmn/business-pmn/russia-and-kazakhstan-suffer-worst-flooding-in-80-years,url,190,2
2024-04-20,disaster,mo,городской округ город Орск,^городской\ округ\ город\ Орск$,"Orsk, Orenburgskaya Oblast', Russia",positive,https://www.yahoo.com/news/russias-kurgan-orders-evacuation-districts-100223849.html,url,166,60
2024-04-20,disaster,mo,городской округ город Орск,^городской\ округ\ город\ Орск$,"Orsk, Orenburgskaya Oblast', Russia",positive,https://www.usnews.com/news/world/articles/2024-04-20/russias-kurgan-orders-evacuation-in-some-districts-as-floodwaters-rise,url,010,8
2024-04-21,disaster,unmatched,,,"Moscow, Moskva, Russia",positive,https://www.yahoo.com/news/chisinau-airport-evacuated-following-bomb-193641680.html,url,010,3
2024-04-22,disaster,mo,городской округ город Оренбург,^городской\ округ\ город\ Оренбург$,"Orenburg, Orenburgskaya Oblast', Russia",positive,https://www.rferl.org/a/kazakhstan-floods-rescue-teams-russia-ishim-river-crests/32915653.html,url,174,42
2024-04-22,disaster,unmatched,,,"Dvoryanskiy, Novosibirskaya Oblast', Russia",positive,https://www.marketscreener.com/news/latest/Russians-in-flooded-regions-complain-of-slow-compensation-46492143/,url,114,36
2024-04-22,disaster,unmatched,,,"Dobrovolnoye, Stavropol'skiy Kray, Russia",positive,https://www.newsweek.com/russia-radioactive-leak-threat-uranium-floods-kurgan-1892653,url,010,11
2024-04-22,disaster,mo,городской округ город Орск,^городской\ округ\ город\ Орск$,"Orsk, Orenburgskaya Oblast', Russia",positive,https://oilprice.com/Latest-Energy-News/World-News/Gazprom-Shut-Down-Dozens-of-Natural-Gas-Wells-Ahead-of-Spring-Floods.html,url,090,6
2024-04-22,disaster,unmatched,,,"Moscow, Moskva, Russia",positive,https://www.express.co.uk/news/world/1891008/russia-flood-radioactive-leak-threat-uranium-mines,url,010,1
2024-04-24,disaster,mo,городской округ город Оренбург,^городской\ округ\ город\ Оренбург$,"Orenburg, Orenburgskaya Oblast', Russia",positive,https://akipress.com/news:770387:Kyrgyzstan_delivers_350_tons_of_humanitarian_aid_to_flood-affected_Orenburg_region/,url,042,8
2024-04-24,disaster,mo,городской округ город Оренбург,^городской\ округ\ город\ Оренбург$,"Orenburg, Orenburgskaya Oblast', Russia",positive,https://www.themoscowtimes.com/2024/04/24/russias-epic-floods-expose-lack-of-preparedness-for-climate-crisis-a84943,url,160,7
2024-04-26,disaster,unmatched,,,"Peshnevo, Tyumenskaya Oblast', Russia",positive,https://www.bignewsnetwork.com/news/274314032/after-historic-floods-some-in-southern-russia-now-living-in-tents,url,043,20
2024-04-26,disaster,mo,городской округ город Тюмень,^городской\ округ\ город\ Тюмень$,"Tyumen, Tyumenskaya Oblast', Russia",positive,https://www.newsweek.com/putin-russia-floods-kurgan-radioactive-leak-1894480,url,071,10
2024-04-27,disaster,mo,городской округ город Оренбург,^городской\ округ\ город\ Оренбург$,"Orenburg, Orenburgskaya Oblast', Russia",positive,https://www.euronews.com/green/2024/04/27/is-russia-ready-for-climate-change-mass-floods-expose-lack-of-adaptation-campaigners-say,url,128,30
2024-04-29,disaster,unmatched,,,"Moscow, Moskva, Russia",positive,https://www.eurasiareview.com/30042024-russian-brands-flooding-africas-continental-market-oped/,url,040,10
2024-04-29,disaster,unmatched,,,"Tobol, Kaluzhskaya Oblast', Russia",positive,https://www.themoscowtimes.com/2024/04/29/russias-ishim-river-swells-to-record-high-amid-widespread-flooding-a84982,url,190,10
2024-05-01,disaster,unmatched,,,"Moscow, Moskva, Russia",positive,https://www.opinionnigeria.com/russian-brands-flooding-africas-continental-market-by-kester-kenn-klomegah/,url,040,10
2024-05-02,disaster,unmatched,,,"Moscow, Moskva, Russia",positive,https://www.peoplesdailyng.com/russian-brands-flooding-africas-continental-market/,url,040,10
2024-05-02,disaster,unmatched,,,"Moscow, Moskva, Russia",positive,https://www.marketscreener.com/news/latest/Soybeans-climb-as-flooding-hits-vulnerable-Brazil-crop-46608723/,url,194,6
2024-05-04,disaster,unmatched,,,"Dobrovolnoye, Stavropol'skiy Kray, Russia",positive,https://nuclear-news.net/2024/05/04/1-b1-horror-radioactive-leak-warning-as-russian-floods-barrel-towards-uranium-mine/,url,010,5
2024-05-10,disaster,unmatched,,,"Ingushetia, Chechnya and Ingushetiya, Russia",positive,https://timesca.com/kazakh-floods-interview-zakirzhan-kharisovich/,url,010,8
2024-05-12,disaster,unmatched,,,"Belgorod, Belgorodskaya Oblast', Russia",positive,http://www.middletownpress.com/news/world/article/thousands-of-civilians-evacuated-from-northeast-19453464.php,url,020,187
2024-05-12,disaster,unmatched,,,"Moscow, Moskva, Russia",positive,https://www.wisbechstandard.co.uk/news/national/24314477.thousands-evacuated-path-renewed-russian-ground-offensive/,url,190,126
2024-05-14,disaster,unmatched,,,"Petersburg, Sankt-Peterburg, Russia",positive,https://www.thecoastguard.ca/south-florida-rain-flash-flood-watch-extended-as-heavy-rain-forecast-for-miami/,url,020,13
2024-05-15,disaster,unmatched,,,"Petersburg, Sankt-Peterburg, Russia",positive,https://www.thenorwester.ca/south-florida-rain-flash-flood-watch-extended-as-heavy-rain-forecast-for-miami/,url,020,35
2024-05-15,disaster,unmatched,,,"Moscow, Moskva, Russia",positive,https://www.khaama.com/russia-offers-aid-to-afghanistan-after-devastating-floods/,url,018,1
2024-05-16,disaster,unmatched,,,"Moscow, Moskva, Russia",positive,https://www.sott.net/article/491466-Heavy-floods-claim-at-least-7-lives-in-Irans-second-biggest-city-Mashhad,url,172,8
2024-05-16,disaster,unmatched,,,"Zakharova, Krasnoyarskiy Kray, Russia",positive,https://menafn.com/1108218903/Russia-Offers-Aid-To-Afghanistan-After-Devastating-Floods,url,018,6
2024-05-17,disaster,unmatched,,,"Moscow, Moskva, Russia",positive,https://www.scmp.com/news/china/diplomacy/article/3262959/very-sensitive-situation-china-flooding-europe-overcapacity-new-energy-goods,url,060,12
2024-05-20,disaster,unmatched,,,"Vorozhba, Kurskaya Oblast', Russia",positive,https://menafn.com/1108236416/Seven-More-Civilians-Evacuated-From-Vorozhba-In-Sumy-Region,url,160,6
2024-05-21,disaster,unmatched,,,"Moscow, Moskva, Russia",positive,https://www.themoscowtimes.com/2024/05/21/flooding-emergency-declared-in-far-east-russias-sakha-a85182,url,073,10
2024-05-24,disaster,mo,городской округ город Оренбург,^городской\ округ\ город\ Оренбург$,"Orenburg, Orenburgskaya Oblast', Russia",positive,https://eng.belta.by/society/view/belarus-to-provide-humanitarian-aid-to-russias-regions-affected-by-flood-158532-2024/,url,070,10
2024-05-26,disaster,unmatched,,,"Moscow, Moskva, Russia",positive,https://www.rferl.org/a/afghanistan-flooding-10-family-members-killed/32964231.html,url,160,10
2024-05-30,disaster,unmatched,,,"Zakharova, Krasnoyarskiy Kray, Russia",positive,https://en.armradio.am/2024/05/30/russia-ready-to-help-armenia-in-restoring-flood-affected-areas/,url,033,10
2024-05-31,disaster,mo,городской округ город Оренбург,^городской\ округ\ город\ Оренбург$,"Orenburg, Orenburgskaya Oblast', Russia",positive,https://foreignaffairs.co.nz/2024/05/31/mil-osi-russia-the-government-will-allocate-more-than-9-billion-rubles-to-provide-support-measures-for-flood-victims-in-the-orenburg-region/,url,050,10
2024-05-31,disaster,unmatched,,,"Petersburg, Sankt-Peterburg, Russia",positive,https://www.tampabay.com/news/environment/2024/05/31/shore-acres-flooding-rehab-zillow-st-petersburg-home-sales/,url,010,5
2024-06-02,disaster,unmatched,,,"Moscow, Moskva, Russia",positive,https://www.adn.com/opinions/national-opinions/2024/06/02/opinion-russia-is-flooding-europe-with-disinformation-the-us-elections-are-next/,url,110,7
2024-06-03,disaster,unmatched,,,"Volyn, Tul'skaya Oblast', Russia",positive,https://www.yahoo.com/news/evacuation-trains-leave-donetsk-oblast-105300047.html,url,036,10
2024-06-04,disaster,unmatched,,,"Kremlin, Moskva, Russia",positive,https://www.bnnbloomberg.ca/putin-floods-eu-east-with-fake-news-on-telegram-jourova-warns-1.2079810,url,172,8
2024-06-05,disaster,unmatched,,,"Petersburg, Sankt-Peterburg, Russia",positive,https://www.yahoo.com/news/florida-paradise-keeps-flooding-t-121229023.html,url,042,8
2024-06-06,disaster,unmatched,,,"Amanat, Krasnodarskiy Kray, Russia",positive,https://www.eurasiareview.com/06062024-kazakhstan-flood-coverage-restrictions-womens-rights-rally-ban-and-legal-cases-against-activist-oped/,url,073,8
2024-06-06,disaster,unmatched,,,"Petersburg, Sankt-Peterburg, Russia",positive,https://www.wlrn.org/development/2024-06-06/their-florida-paradise-keeps-flooding-but-some-cant-afford-a-solution,url,042,8
2024-06-10,disaster,unmatched,,,"Belgorod, Belgorodskaya Oblast', Russia",positive,https://eng.obozrevatel.com/section-war/news-occupants-with-air-defense-in-crimea-received-a-recommendation-from-commanders-to-evacuate-families-from-the-peninsula-atesh-10-06-2024.html,url,073,10
2024-06-14,disaster,unmatched,,,"Petersburg, Sankt-Peterburg, Russia",positive,https://www.ajc.com/news/nation-world/forecasters-worst-rainfall-that-triggered-floods-in-florida-is-over-as-affected-residents-clean-up/3RLHDPG46RCWJPI4J2GXAFQNLI/,url,070,24
2024-06-14,disaster,mo,городской округ город Оренбург,^городской\ округ\ город\ Оренбург$,"Orenburg, Orenburgskaya Oblast', Russia",positive,https://eng.belta.by/society/view/flood-hit-orenburg-oblast-of-russia-thanks-belarus-for-humanitarian-aid-159141-2024/,url,051,8
2024-06-15,disaster,unmatched,,,"Petersburg, Sankt-Peterburg, Russia",positive,https://cbs12.com/newsletter-daily/worst-rainfall-that-triggered-floods-in-florida-is-over-as-affected-residents-clean-up-gulf-of-mexico-storms-fema-fort-lauderdale-miami-june-14-2024,url,173,26
2024-06-15,disaster,unmatched,,,"Kremlin, Moskva, Russia",positive,https://www.euronews.com/my-europe/2024/06/15/russia-deliberately-flooding-newsrooms-with-fake-content-to-overwhelm-fact-checkers-study-,url,020,15
2024-06-19,disaster,unmatched,,,"Moscow, Moskva, Russia",positive,https://thebftonline.com/2024/06/19/russian-brands-flooding-africas-continental-market/,url,040,10
2024-06-22,disaster,unmatched,,,"Yeysk, Krasnodarskiy Kray, Russia",positive,https://www.arkansasonline.com/news/2024/jun/22/47-dead-in-china-amid-record-flooding/,url,040,2
2024-06-27,disaster,unmatched,,,"Petersburg, Sankt-Peterburg, Russia",positive,https://www.tampabay.com/news/environment/2024/06/27/clearwater-has-100-million-plan-prevent-this-neighborhood-flooding/,url,013,2
2024-06-28,disaster,unmatched,,,"Kremlin, Moskva, Russia",positive,https://finance.yahoo.com/news/russia-flooding-europe-discounted-gas-000154373.html,url,051,49
2024-06-28,disaster,unmatched,,,"Moscow, Moskva, Russia",positive,https://www.wvnews.com/theet/theet/opinion/columns/the-flood-of-disinformation/article_6a3856b0-34fe-11ef-b1cc-77d2ff115ec3.html,url,031,6
2024-06-29,disaster,unmatched,,,"Moscow, Moskva, Russia",positive,https://www.niagara-gazette.com/opinion/roberts-the-flood-of-disinformation/article_3e520aee-356e-11ef-864f-73dcf3514700.html,url,031,2
2024-06-30,disaster,unmatched,,,"Moscow, Moskva, Russia",positive,https://www.rferl.org/a/kyrgyzstan-flooding-kazakh-deaths-central-asia/33014416.html,url,194,25
2024-06-30,disaster,unmatched,,,"Moscow, Moskva, Russia",positive,https://www.lockportjournal.com/opinion/the-flood-of-disinformation/article_ad7b94dc-3576-11ef-8552-73c2704c560c.html,url,031,2
2024-07-01,disaster,unmatched,,,"Moscow, Moskva, Russia",positive,https://www.themoscowtimes.com/2024/07/01/kanye-wests-moscow-visit-inspires-flood-of-russian-memes-a85574,url,043,5
2024-07-01,disaster,unmatched,,,"Moscow, Moskva, Russia",positive,https://www.havasunews.com/opinion/the-flood-of-disinformation/article_dfca964a-372e-11ef-8d87-c32f2abc41b7.html,url,031,2
2024-07-02,disaster,unmatched,,,"Kremlin, Moskva, Russia",positive,https://www.dailymail.co.uk/news/article-13591663/Rishi-Sunak-accuses-Reform-emulating-malicious-foreign-states-using-bots-flood-social-media-propaganda-despite-Nigel-Farage-branding-allegations-cobblers.html,url,112,10
2024-07-02,disaster,unmatched,,,"Moscow, Moskva, Russia",positive,https://herald-zeitung.com/opinion/roberts-the-startling-flood-of-disinformation/article_d12f7d42-37c6-11ef-8ebb-ebbf0040bce2.html,url,031,8
2024-07-03,disaster,unmatched,,,"Moscow, Moskva, Russia",positive,https://www.tahlequahdailypress.com/opinion/column-the-flood-of-disinformation/article_a8f7d348-37ed-11ef-91e3-3f6eb8f5ac59.html,url,031,4
2024-07-05,disaster,unmatched,,,"Moscow, Moskva, Russia",positive,https://thewesternnews.com/news/2024/jul/05/a-flood-of-misinformation/,url,031,2
2024-07-09,disaster,unmatched,,,"Moscow, Moskva, Russia",positive,https://www.cleburnetimesreview.com/opinion/steve-roberts-the-flood-of-disinformation/article_5512b7c8-3d3f-11ef-95b7-5be3c6dbcf95.html,url,031,2
2024-07-19,disaster,unmatched,,,"Moscow, Moskva, Russia",positive,https://www.yahoo.com/news/nearly-5-000-workers-evacuated-171440865.html,url,160,3
2024-07-22,disaster,unmatched,,,"Moscow, Moskva, Russia",positive,https://www.scmp.com/week-asia/politics/article/3271399/malaysia-sending-plane-evacuate-citizens-bangladesh-amid-deadly-riots,url,0333,10
2024-07-23,disaster,unmatched,,,"Moscow, Moskva, Russia",positive,https://www.asianews.it/news-en/Two-out-of-three-villages-in-northern-Mindanao-at-risk-of-landslides-and-flooding-61202.html,url,036,3
2024-07-26,disaster,unmatched,,,"Moscow, Moskva, Russia",positive,https://www.shanghaisun.com/news/274470441/xinhua---china-allocates-funds-for-road-restoration-in-flood-hit-regions,url,071,10
2024-07-29,disaster,unmatched,,,"Miass, Chelyabinskaya Oblast', Russia",positive,https://www.marketscreener.com/news/latest/Russian-governor-orders-evacuations-over-threat-of-flooding-in-Urals-region-47492825/,url,166,12
2024-07-29,disaster,unmatched,,,"Pokrovsk, Mordoviya, Russia",positive,https://www.yahoo.com/news/around-500-people-evacuated-pokrovsk-142602819.html,url,013,6
2024-08-02,disaster,unmatched,,,"Moscow, Moskva, Russia",positive,https://www.voanews.com/a/north-korea-shuns-international-aid-workers-amid-severe-flooding-/7727020.html,url,018,6
2024-08-03,disaster,unmatched,,,"Moscow, Moskva, Russia",positive,https://www.marketscreener.com/news/latest/North-Korea-says-Russia-s-Putin-offered-humanitarian-aid-over-flood-damage-47551283/,url,018,21
2024-08-03,disaster,unmatched,,,"Moscow, Moskva, Russia",positive,https://www.themoscowtimes.com/2024/08/03/putin-vows-support-to-north-korea-after-devastating-floods-a85926,url,015,7
2024-08-03,disaster,unmatched,,,"Moscow, Moskva, Russia",positive,https://citizen.digital/news/north-korea-shuns-international-aid-workers-amid-severe-flooding-n347054,url,018,6
2024-08-03,disaster,unmatched,,,"Kremlin, Moskva, Russia",positive,https://www.newagebd.net/post/europe/241594/putin-vows-support-to-n-korea-after-floods,url,018,1
2024-08-04,disaster,unmatched,,,"Leningrad, Sankt-Peterburg, Russia",positive,https://www.rferl.org/a/russia-buryata-flood-emergency-evacuate/33065053.html,url,051,24
2024-08-04,disaster,unmatched,,,"Moscow, Moskva, Russia",positive,https://www.wionews.com/world/kim-jong-un-counts-putin-among-north-koreas-truest-friends-after-russian-leaders-flood-relief-message-746977,url,023,13
2024-08-04,disaster,unmatched,,,"Kremlin, Moskva, Russia",positive,https://www.digitaljournal.com/world/putin-vows-support-to-north-korea-after-devastating-floods/article,url,018,12
2024-08-04,disaster,unmatched,,,"Moscow, Moskva, Russia",positive,https://indianexpress.com/article/world/north-korea-russia-putin-offered-humanitarian-aid-flood-damage-9493642/,url,046,10
2024-08-04,disaster,unmatched,,,"Moscow, Moskva, Russia",positive,https://www.firstpost.com/world/russia-pledges-humanitarian-aid-to-north-korea-amid-floods-kim-says-will-ask-for-help-if-necessary-13800618.html,url,070,10
2024-08-04,disaster,unmatched,,,"Moscow, Moskva, Russia",positive,https://www.theguardian.com/world/article/2024/aug/04/north-korea-floods-putin-pledges-aid-after-kim-jong-un-rebuffs-seouls-offer-of-assistance,url,090,8
2024-08-04,disaster,unmatched,,,"Pokrovsk, Mordoviya, Russia",positive,https://www.yahoo.com/news/donetsk-oblast-announces-mandatory-evacuation-154856674.html,url,046,6
2024-08-04,disaster,unmatched,,,"Moscow, Moskva, Russia",positive,https://www.voanews.com/a/putin-vows-support-to-north-korea-after-devastating-floods/7729171.html,url,018,4
2024-08-04,disaster,unmatched,,,"Moscow, Moskva, Russia",positive,https://www.scmp.com/news/world/russia-central-asia/article/3273121/russias-putin-offers-support-north-koreas-flood-recovery-efforts,url,051,2
2024-08-04,disaster,unmatched,,,"Kremlin, Moskva, Russia",positive,https://www.standardmedia.co.ke/europe/article/2001500254/putin-vows-support-to-north-korea-after-devastating-floods,url,018,1
2024-08-05,disaster,unmatched,,,"Petersburg, Sankt-Peterburg, Russia",positive,https://nypost.com/2024/08/05/us-news/hurricane-debby-to-bring-heavy-rains-and-catastropic-flooding-to-florida-georgia-and-s-carolina/,url,020,1
2024-08-06,disaster,unmatched,,,"Dalnerechensk, Primorskiy Kray, Russia",positive,https://www.yahoo.com/news/russias-fourth-dam-bursts-two-122326632.html,url,010,2
2024-08-07,disaster,unmatched,,,"Kursk, Kurskaya Oblast', Russia",positive,https://www.yahoo.com/news/sumy-oblast-announces-mandatory-evacuation-153956469.html,url,090,2
2024-08-10,disaster,unmatched,,,"Kremlin, Moskva, Russia",positive,https://eturbonews.com/israel-and-russia-agree-on-covid-19-evacuation-flights-for-their-citizens/,url,040,22
2024-08-10,disaster,unmatched,,,"Kursk, Kurskaya Oblast', Russia",positive,https://www.yahoo.com/news/over-76-000-russians-evacuated-174803789.html,url,190,6
2024-08-11,disaster,unmatched,,,"Moscow, Moskva, Russia",positive,https://www.thedailystar.net/news/world/news/russia-widens-evacuations-border-regions-3675841,url,190,8
2024-08-12,disaster,unmatched,,,"Krasnaya Yaruga, Belgorodskaya Oblast', Russia",positive,https://www.yahoo.com/news/russia-evacuates-second-border-region-111241130.html,url,1124,16
2024-08-13,disaster,unmatched,,,"Kursk Oblast, Kurskaya Oblast', Russia",positive,https://www.yahoo.com/news/evacuation-extended-another-area-russias-142205687.html,url,160,13
2024-08-13,disaster,unmatched,,,"Kursk, Kurskaya Oblast', Russia",positive,https://nuclear-news.net/2024/08/13/2-b1-nuclear-disaster-warning-for-two-countries-as-putin-orders-urgent-mass-evacuation/,url,160,8
2024-08-13,disaster,unmatched,,,"Kursk, Kurskaya Oblast', Russia",positive,https://www.yahoo.com/news/russia-evacuates-180-000-civilians-213822872.html,url,190,5
2024-08-15,disaster,unmatched,,,"Moscow, Moskva, Russia",positive,https://www.yahoo.com/news/russia-evacuates-thousands-more-people-072114084.html,url,080,182
2024-08-15,disaster,unmatched,,,"Kursk, Kurskaya Oblast', Russia",positive,https://www.yahoo.com/news/russia-orders-evacuation-20-000-100544540.html,url,180,18
2024-08-15,disaster,unmatched,,,"Pokrovsk, Mordoviya, Russia",positive,https://www.yahoo.com/news/pokrovsk-residents-urged-evacuate-russian-203610168.html,url,190,2
2024-08-16,disaster,unmatched,,,"Pokrovsk, Mordoviya, Russia",positive,https://www.yahoo.com/news/myrnohrad-residents-evacuating-russian-forces-121958752.html,url,160,20
2024-08-16,disaster,unmatched,,,"Petersburg, Sankt-Peterburg, Russia",positive,https://www.wtsp.com/article/news/local/manateecounty/parrish-firefighter-home-flooded-debby/67-320c222d-82ab-4554-91b9-8b23939f49a8,url,020,14
2024-08-18,disaster,unmatched,,,"Pokrovsk, Mordoviya, Russia",positive,https://eng.obozrevatel.com/section-war/news-occupants-approach-pokrovsk-locals-are-urged-to-evacuate-map-18-08-2024.html,url,020,4
2024-08-19,disaster,unmatched,,,"Pokrovsk, Mordoviya, Russia",positive,https://www.yahoo.com/news/pokrovsk-residents-2-weeks-evacuate-104542327.html,url,020,2
2024-08-19,disaster,unmatched,,,"Pokrovsk, Mordoviya, Russia",positive,https://www.newser.com/story/354754/families-in-pokrovsk-ordered-to-urgently-evacuate.html,url,075,2
2024-08-20,disaster,unmatched,,,"Petersburg, Sankt-Peterburg, Russia",positive,https://www.fox13news.com/news/people-edge-shore-acre-residents-speak-out-flooding-issues-st-pete-neighborhood,url,192,2
2024-08-21,disaster,unmatched,,,"Kursk Oblast, Kurskaya Oblast', Russia",positive,https://www.yahoo.com/news/authorities-planning-evacuate-45-000-022039834.html,url,166,10
2024-08-28,disaster,unmatched,,,"Nadezhda, Stavropol'skiy Kray, Russia",positive,https://www.ibtimes.com.au/tearful-families-evacuate-russian-forces-advance-towards-pokrovsk-1851001,url,166,36
2024-08-28,disaster,unmatched,,,"Pokrovsk, Mordoviya, Russia",positive,https://economictimes.indiatimes.com/news/defence/tearful-families-evacuate-as-russian-forces-advance-towards-pokrovsk/articleshow/112870604.cms,url,036,18
2024-08-28,disaster,unmatched,,,"Dzerzhinets, Permskiy Kray, Russia",positive,https://www.bignewsnetwork.com/news/274529976/russians-are-flooding-macrons-social-media-after-durovs-arrest,url,130,10
2024-08-28,disaster,unmatched,,,"Pokrovsk, Mordoviya, Russia",positive,https://menafn.com/1108609799/Rescuers-Evacuated-39-People-From-Donetsk-Region-Since-Start-Of-Week,url,166,5
2024-09-04,disaster,unmatched,,,"Komsomolsk, Khabarovskiy Kray, Russia",positive,https://menafn.com/1108634156/North-Koreas-Kim-Jong-Orders-To-Execute-20-30-Officials-Over-Damage-Due-To-Floods-Report,url,080,8
2024-09-06,disaster,unmatched,,,"Petersburg, Sankt-Peterburg, Russia",positive,https://www.fox13news.com/news/st-pete-leaders-address-flooding-after-heavy-rain-overwhelmed-citys-water-system,url,112,4
2024-09-11,disaster,unmatched,,,"Petersburg, Sankt-Peterburg, Russia",positive,https://www.register-herald.com/news/nation_world/hurricane-francine-takes-aim-at-the-louisiana-coast-amid-fears-of-storm-surge-and-flooding/article_8ab0e3f1-9da7-5a92-818c-40cd7e95f2c1.html,url,014,64
2024-09-11,disaster,unmatched,,,"Petersburg, Sankt-Peterburg, Russia",positive,https://www.durangoherald.com/articles/amid-fears-of-storm-surge-and-flooding-hurricane-francine-takes-aim-at-louisiana-coast/,url,070,34
2024-09-11,disaster,unmatched,,,"Petersburg, Sankt-Peterburg, Russia",positive,https://www.smdailyjournal.com/news/national/hurricane-francine-takes-aim-at-the-louisiana-coast-amid-fears-of-storm-surge-and-flooding/article_02b51408-f3a6-5900-bf23-56c2934a5945.html,url,070,6
2024-09-11,disaster,unmatched,,,"Petersburg, Sankt-Peterburg, Russia",positive,https://www.witn.com/2024/09/11/hurricane-francine-takes-aim-louisiana-coast-amid-fears-storm-surge-flooding/,url,014,6
2024-09-11,disaster,unmatched,,,"Petersburg, Sankt-Peterburg, Russia",positive,https://www.ottumwacourier.com/news/national_news/hurricane-francine-threatens-louisianas-coast-with-strong-winds-and-flooding/article_9eaa82c8-d737-5a51-bfe0-c28ca40fa2f8.html,url,020,4
2024-09-11,disaster,unmatched,,,"Petersburg, Sankt-Peterburg, Russia",positive,https://www.adn.com/nation-world/2024/09/11/hurricane-francine-takes-aim-at-the-louisiana-coast-amid-fears-of-storm-surge-and-flooding/,url,014,1
2024-09-11,disaster,unmatched,,,"Petersburg, Sankt-Peterburg, Russia",positive,https://www.wuft.org/weather/2024-09-11/hurricane-francine-threatens-louisianas-coast-with-strong-winds-and-flooding,url,020,1
2024-09-19,disaster,unmatched,,,"Batran, Vologodskaya Oblast', Russia",positive,https://mondoweiss.net/2024/09/operation-al-aqsa-flood-day-349-nasrallah-says-we-wish-israel-invades-lebanon/,url,111,4
2024-09-21,disaster,unmatched,,,"Tikhoretsk, Krasnodarskiy Kray, Russia",positive,https://londonlovesbusiness.com/russian-ammo-depot-hit-with-apocalyptic-explosions-forcing-villages-to-be-evacuated/,url,120,30
2024-09-21,disaster,unmatched,,,"Moscow, Moskva, Russia",positive,https://www.irrawaddy.com/specials/junta-watch/regime-launches-brics-bid-scrambles-to-resurrect-poll-plan-amid-floods-and-more.html,url,046,10
2024-09-24,disaster,unmatched,,,"Petersburg, Sankt-Peterburg, Russia",positive,https://www.wtsp.com/article/weather/tropics/tropical-storm-hurricane-tampa-bay-florida-flooding/67-24e4a8fb-fa9a-4cb3-92f3-8051919e7322,url,012,10
2024-09-26,disaster,unmatched,,,"Kremlin, Moskva, Russia",positive,https://leftfootforward.org/2024/09/interview-with-joe-powell-mp-how-we-can-clamp-down-on-dirty-money-flooding-through-the-uk/,url,112,10
2024-09-26,disaster,mo,городской округ город Мценск,^городской\ округ\ город\ Мценск$,"Mtsensk, Orlovskaya Oblast', Russia",positive,https://www.euronews.com/culture/2024/09/26/sex-murder-and-a-flooded-stage-bold-new-production-of-lady-macbeth-of-mtsensk-stuns-in-bar,url,1821,6
2024-09-26,disaster,unmatched,,,"Petersburg, Sankt-Peterburg, Russia",positive,https://scrubsmag.com/hurricane-ian-rips-the-roof-off-florida-hospital-as-thousands-of-patients-are-evacuated/,url,010,5
2024-09-26,disaster,unmatched,,,"Petersburg, Sankt-Peterburg, Russia",positive,https://www.foxweather.com/extreme-weather/hurricane-helene-storm-surge-flood-florida-gulf-coast,url,060,4
2024-09-27,disaster,unmatched,,,"Petersburg, Sankt-Peterburg, Russia",positive,https://www.tampabay.com/hurricane/2024/09/27/hurricane-helene-tampa-bay-florida-rescues-flooding/,url,073,20
2024-09-27,disaster,unmatched,,,"Petersburg, Sankt-Peterburg, Russia",positive,https://grist.org/extreme-weather/this-florida-neighborhood-recovered-from-flood-after-flood-will-it-survive-helene/,url,073,12
2024-09-27,disaster,unmatched,,,"Petersburg, Sankt-Peterburg, Russia",positive,https://www.fox13news.com/news/hurricane-helene-destroys-homes-shore-acres-neighborhood-experiences-4th-flooding-event-4-years,url,040,10
2024-09-28,disaster,unmatched,,,"Petersburg, Sankt-Peterburg, Russia",positive,https://www.fox13news.com/news/pinellas-barrier-islands-remain-closed-amid-water-shutoff-evacuations,url,080,10
2024-10-03,disaster,unmatched,,,"Moscow, Moskva, Russia",positive,https://www.marketscreener.com/quote/currency/US-DOLLAR-RUSSIAN-ROUBLE--2370597/news/Russia-begins-evacuating-its-citizens-from-Lebanon-47992733/,url,160,56
2024-10-03,disaster,unmatched,,,"Moscow, Moskva, Russia",positive,https://aninews.in/news/world/middle-east/russia-evacuates-families-of-diplomats-from-lebanon-amid-escalating-conflict20241003232325/,url,025,30
2024-10-03,disaster,unmatched,,,"Moscow, Moskva, Russia",positive,https://www.themoscowtimes.com/2024/10/03/russia-evacuates-diplomats-family-members-from-lebanon-a86570,url,160,10
2024-10-03,disaster,unmatched,,,"Petersburg, Sankt-Peterburg, Russia",positive,https://www.fox13news.com/news/pinellas-county-begins-storm-debris-pickup-neighborhoods-saw-bad-flooding-during-helene,url,120,10
2024-10-03,disaster,unmatched,,,"Tavolga, Novosibirskaya Oblast', Russia",positive,https://www.irishdentist.ie/the-idf-asks-civilians-to-evacuate-25-locations-in-southern-lebanon/2901/,url,0233,6
2024-10-04,disaster,unmatched,,,"Moscow, Moskva, Russia",positive,https://www.arkansasonline.com/news/2024/oct/04/lebanese-evacuations-urged-with-israeli-operation/,url,020,16
2024-10-05,disaster,unmatched,,,"Moscow, Moskva, Russia",positive,https://ynaija.com/top-5-stories-of-the-day-fg-announces-plan-to-evacuate-nigerians-in-lebanon-over-israel-bombings/,url,160,10
2024-10-05,disaster,unmatched,,,"Moscow, Moskva, Russia",positive,https://www.khq.com/fires/level-3-go-now-evacuations-issued-for-fire-near-moscow-prompting-road-closures/article_d98a7df8-82a7-11ef-83ff-4f26a818d9f9.html,url,010,6
2024-10-06,disaster,unmatched,,,"Kremlin, Moskva, Russia",positive,https://www.aa.com.tr/en/europe/nearly-1-000-taking-part-in-massive-estonian-evacuation-exercise/3352732,url,042,10
2024-10-07,disaster,unmatched,,,"Petersburg, Sankt-Peterburg, Russia",positive,https://www.aol.com/florida-prepares-massive-evacuations-hurricane-041251396.html,url,0841,176
2024-10-07,disaster,unmatched,,,"Petersburg, Sankt-Peterburg, Russia",positive,https://www.healthleadersmedia.com/hlm-communities/pinellas-county-st-petersburg-orders-mandatory-evacuations-healthcare-facilities,url,166,8
2024-10-07,disaster,unmatched,,,"Petersburg, Sankt-Peterburg, Russia",positive,https://www.preventionweb.net/news/new-app-developed-usf-researchers-tracks-flooding-coastal-communities-during-hurricane-helene,url,013,8
2024-10-07,disaster,unmatched,,,"Petersburg, Sankt-Peterburg, Russia",positive,https://www.pennlive.com/weather/2024/10/hurricane-milton-upgraded-to-category-5-storm-as-florida-orders-evacuations.html,url,166,6
2024-10-07,disaster,unmatched,,,"Petersburg, Sankt-Peterburg, Russia",positive,https://www.independent.co.uk/news/world/americas/hurricane-milton-florida-evacuation-zones-path-tracker-b2624859.html,url,174,6
2024-10-07,disaster,unmatched,,,"Petersburg, Sankt-Peterburg, Russia",positive,https://www.fox13news.com/news/pinellas-sheriff-vows-shut-down-businesses-dont-heed-evacuation-orders-ahead-hurricane-milton,url,174,5
2024-10-07,disaster,unmatched,,,"Petersburg, Sankt-Peterburg, Russia",positive,https://news.sky.com/story/hurricane-milton-strengthens-into-category-5-storm-as-florida-prepares-for-biggest-evacuation-in-seven-years-13229571,url,010,1
2024-10-08,disaster,unmatched,,,"Petersburg, Sankt-Peterburg, Russia",positive,https://www.sungazette.com/uncategorized/2024/10/hurricane-milton-is-a-category-5-florida-orders-evacuations-and-scrambles-to-clear-helenes-debris/,url,166,202
2024-10-08,disaster,unmatched,,,"Petersburg, Sankt-Peterburg, Russia",positive,https://www.rnz.co.nz/news/world/530205/evacuate-now-biden-tells-those-in-hurricane-milton-s-path,url,166,17
2024-10-08,disaster,unmatched,,,"Petersburg, Sankt-Peterburg, Russia",positive,https://patch.com/florida/stpete/tampa-bay-area-residents-evacuate-hurricane-milton-takes-aim-fl,url,043,10
2024-10-08,disaster,unmatched,,,"Petersburg, Sankt-Peterburg, Russia",positive,https://chicago.suntimes.com/weather/2024/10/07/hurricane-milton-category-5-florida-prepares-evacuations-climate-change-environment-warming,url,130,8
2024-10-08,disaster,unmatched,,,"Petersburg, Sankt-Peterburg, Russia",positive,https://www.straitstimes.com/world/united-states/florida-ports-closed-millions-ordered-to-evacuate-ahead-of-hurricane-milton,url,174,7
2024-10-08,disaster,unmatched,,,"Petersburg, Sankt-Peterburg, Russia",positive,https://www.hindustantimes.com/world-news/us-news/monstrous-hurricane-milton-targets-florida-triggering-evacuations-101728416277590.html,url,166,6
2024-10-08,disaster,unmatched,,,"Petersburg, Sankt-Peterburg, Russia",positive,https://www.iwradio.co.uk/news/sky-news/hurricane-milton-strengthens-into-category-5-storm-as-florida-prepares-for-biggest-evacuation-in-seven-years/,url,010,5
2024-10-08,disaster,unmatched,,,"Petersburg, Sankt-Peterburg, Russia",positive,https://www.theweathernetwork.com/en/news/weather/forecasts/floridians-urged-to-follow-evacuation-orders-as-dangerous-hurricane-milton-nears,url,166,4
2024-10-08,disaster,unmatched,,,"Petersburg, Sankt-Peterburg, Russia",positive,https://www.sungazette.com/news/national-news-apwire/2024/10/hurricane-milton-strengthens-into-a-category-4-florida-prepares-for-evacuations-and-storm-surge/,url,0841,4
2024-10-08,disaster,unmatched,,,"Petersburg, Sankt-Peterburg, Russia",positive,https://www.yahoo.com/news/floridians-evacuate-dmv-hurricane-milton-193716383.html,url,042,4
2024-10-08,disaster,unmatched,,,"Petersburg, Sankt-Peterburg, Russia",positive,https://www.adn.com/nation-world/2024/10/07/milton-is-a-category-5-hurricane-florida-orders-evacuations-and-scrambles-to-clear-helenes-debris/,url,174,2
2024-10-08,disaster,unmatched,,,"Petersburg, Sankt-Peterburg, Russia",positive,http://www.theridgefieldpress.com/news/article/florida-prepares-for-massive-evacuations-as-19820051.php,url,174,2
2024-10-08,disaster,unmatched,,,"Petersburg, Sankt-Peterburg, Russia",positive,http://www.newson6.com/story/6705693e714a01ba20a3afd8/hurricane-milton-a-powerful-category-4-storm-takes-aim-at-floridas-gulf-coast-prompting-mass-evacuations,url,138,2
2024-10-08,disaster,unmatched,,,"Petersburg, Sankt-Peterburg, Russia",positive,https://forward.com/fast-forward/661885/hurricane-milton-evacuation-tampa-bay-yom-kippur/,url,013,2
2024-10-08,disaster,unmatched,,,"Moscow, Moskva, Russia",positive,https://www.news18.com/world/over-1000-temporarily-evacuated-from-crimea-oil-terminal-fire-mayor-tkachenko-confirms-9078433.html,url,190,1
2024-10-08,disaster,unmatched,,,"Petersburg, Sankt-Peterburg, Russia",positive,https://news.sky.com/story/hurricane-milton-set-to-bring-huge-storm-surge-as-florida-prepares-for-biggest-evacuation-in-seven-years-13229571,url,010,1
2024-10-09,disaster,unmatched,,,"Petersburg, Sankt-Peterburg, Russia",positive,https://www.nbcnews.com/weather/hurricanes/florida-mobile-home-park-told-evacuate-residents-nowhere-go-rcna174544,url,043,17
2024-10-09,disaster,unmatched,,,"Petersburg, Sankt-Peterburg, Russia",positive,https://www.originalfm.com/news/headlines/hurricane-milton-popular-tiktok-user-lieutenant-dan-ignores-official-and-expert-advice-to-evacuate/,url,120,4
2024-10-09,disaster,unmatched,,,"Petersburg, Sankt-Peterburg, Russia",positive,https://www.wpxi.com/news/local/florida-residents-describe-frightening-evacuations-ahead-hurricane-milton-making-landfall/AMW6BYLP45HB5MFGYU2OAAT4ZM/,url,030,3
2024-10-09,disaster,unmatched,,,"Petersburg, Sankt-Peterburg, Russia",positive,https://www.yahoo.com/news/dangerous-milton-threatens-flood-cities-101717208.html,url,013,3
2024-10-10,disaster,unmatched,,,"Petersburg, Sankt-Peterburg, Russia",positive,https://pressofatlanticcity.com/news/nation-world/weather/millions-without-power-after-hurricane-milton-slams-florida-causes-deaths-and-flooding/article_386d628f-4b33-57d8-a1a6-670dee87c3a2.html,url,130,162
2024-10-10,disaster,unmatched,,,"Petersburg, Sankt-Peterburg, Russia",positive,https://www.seasideradio.co.uk/news/uk-news/item/111782-hurricane-milton-popular-tiktok-user-lieutenant-dan-ignores-official-and-expert-advice-to-evacuate,url,020,26
2024-10-10,disaster,unmatched,,,"Petersburg, Sankt-Peterburg, Russia",positive,https://www.courthousenews.com/9-dead-millions-at-flooding-risk-and-without-power-in-wake-of-hurricane-milton/,url,100,8
2024-10-10,disaster,unmatched,,,"Petersburg, Sankt-Peterburg, Russia",positive,http://www.houstonchronicle.com/news/article/time-to-evacuate-is-running-out-as-hurricane-19825474.php,url,1712,6
2024-10-10,disaster,unmatched,,,"Petersburg, Sankt-Peterburg, Russia",positive,https://www.wwno.org/coastal-desk/2024-10-09/more-than-1-9-million-without-power-as-hurricane-milton-slams-florida-causes-deaths-and-flooding,url,013,6
2024-10-10,disaster,unmatched,,,"Petersburg, Sankt-Peterburg, Russia",positive,https://herald-review.com/news/nation-world/weather/millions-without-power-after-hurricane-milton-slams-florida-causes-deaths-and-flooding/article_83661782-aa32-597e-adb3-1f7a22c60827.html,url,042,6
2024-10-10,disaster,unmatched,,,"Petersburg, Sankt-Peterburg, Russia",positive,https://www.stltoday.com/news/nation-world/weather/millions-without-power-after-hurricane-milton-slams-florida-causes-deaths-and-flooding/article_61c49c3a-f540-58c4-9e4e-defb10b024a8.html,url,043,2
2024-10-10,disaster,unmatched,,,"Petersburg, Sankt-Peterburg, Russia",positive,https://www.news4jax.com/weather/2024/10/10/florida-flooding-still-a-fear-in-the-aftermath-of-hurricane-milton-including-along-st-johns-river/,url,020,2
2024-10-10,disaster,unmatched,,,"Petersburg, Sankt-Peterburg, Russia",positive,https://popculture.com/trending/news/theres-no-gas-florida-mom-details-failed-hurricane-milton-evacuation-attempt/,url,043,1
2024-10-11,disaster,unmatched,,,"Petersburg, Sankt-Peterburg, Russia",positive,https://fun107.com/westport-woman-florida-evacuation-story/,url,051,24
2024-10-11,disaster,unmatched,,,"Petersburg, Sankt-Peterburg, Russia",positive,https://www.upi.com/Top_News/2024/10/11/Milton-death-toll-rises-16-rescuers-navigate-rising-Tampa-Bay-floodwaters/8471728666255/,url,190,16
2024-10-11,disaster,unmatched,,,"Petersburg, Sankt-Peterburg, Russia",positive,https://muscatinejournal.com/news/nation-world/weather/millions-without-power-after-hurricane-milton-slams-florida-causes-deaths-and-flooding/article_0b4445ff-4437-530e-98c4-1c9b309ab16c.html,url,130,11
2024-10-11,disaster,unmatched,,,"Petersburg, Sankt-Peterburg, Russia",positive,https://www.itv.com/news/2024-10-11/please-get-out-now-authorities-in-florida-warn-of-rising-floodwaters,url,010,10
2024-10-11,disaster,unmatched,,,"Petersburg, Sankt-Peterburg, Russia",positive,https://www.yahoo.com/news/florida-residents-returning-flooded-streets-220700780.html,url,046,6
2024-10-11,disaster,unmatched,,,"Petersburg, Sankt-Peterburg, Russia",positive,https://www.kten.com/news/national/florida-residents-are-returning-to-flooded-streets-and-homes-gone-after-milton/article_806a9d4f-e6d7-5ea6-ba27-b8e162079cc9.html,url,046,3
2024-10-13,disaster,unmatched,,,"Petersburg, Sankt-Peterburg, Russia",positive,https://www.northcountrypublicradio.org/news/npr/nx-s1-5149899/power-outages-fuel-shortages-and-flooding-impacting-floridians-3-days-after-milton,url,040,4
2024-10-13,disaster,unmatched,,,"Petersburg, Sankt-Peterburg, Russia",positive,https://www.wuwf.org/florida-news/2024-10-11/power-outages-fuel-shortages-and-flooding-impacting-floridians-3-days-after-milton,url,042,3
2024-10-14,disaster,unmatched,,,"Kursk, Kurskaya Oblast', Russia",positive,https://www.yahoo.com/news/nearly-37-000-residents-evacuated-231300956.html,url,160,10
2024-10-14,disaster,unmatched,,,"Kursk, Kurskaya Oblast', Russia",positive,https://www.albawaba.com/news/30000-russians-evacuated-ukranian-1589279,url,160,6
2024-10-15,disaster,unmatched,,,"Petersburg, Sankt-Peterburg, Russia",positive,https://www.fox13news.com/news/south-st-pete-neighbors-return-home-many-still-flooded-around-lake-maggiore,url,073,20
2024-10-16,disaster,unmatched,,,"Petersburg, Sankt-Peterburg, Russia",positive,https://www.tampabay.com/hurricane/2024/10/16/hurricane-milton-lessons-tornado-building-flooding-storm-evacuation/,url,071,8
2024-10-18,disaster,unmatched,,,"Petersburg, Sankt-Peterburg, Russia",positive,https://grist.org/extreme-weather/when-hurricane-evacuation-isnt-an-option/,url,046,1
2024-10-19,disaster,unmatched,,,"Petersburg, Sankt-Peterburg, Russia",positive,https://truthout.org/articles/sometimes-hurricane-evacuation-isnt-an-option/,url,042,1
2024-10-24,disaster,unmatched,,,"Kremlin, Moskva, Russia",positive,https://www.yahoo.com/news/firehose-election-conspiracy-theories-floods-090050857.html,url,090,18
2024-10-25,disaster,unmatched,,,"Kremlin, Moskva, Russia",positive,https://www.yahoo.com/news/firehose-election-conspiracy-theories-floods-090058254.html,url,090,50
2024-10-25,disaster,unmatched,,,"Petersburg, Sankt-Peterburg, Russia",positive,https://www.wtsp.com/article/weather/hurricane/flooded-damaged-homes-being-sold-in-tampa-bay-as-is/67-77beb96b-9a9e-4a3f-ae89-26fb9c9f1609,url,020,10
2024-10-26,disaster,unmatched,,,"Kremlin, Moskva, Russia",positive,https://www.yahoo.com/news/firehose-election-conspiracy-theories-floods-130016881.html,url,090,6
2024-10-27,disaster,unmatched,,,"Kremlin, Moskva, Russia",positive,https://www.yahoo.com/news/firehose-election-conspiracy-theories-floods-120722112.html,url,090,2
2024-10-28,disaster,unmatched,,,"Kremlin, Moskva, Russia",positive,https://www.yahoo.com/news/flooded-disneyworld-russia-cuba-pushed-183634577.html,url,020,20
2024-10-28,disaster,unmatched,,,"Zvezda, Novgorodskaya Oblast', Russia",positive,https://www.dailymail.co.uk/sciencetech/article-14010229/Astronauts-ISS-urgent-evacuation-NASA.html,url,042,10
2024-10-28,disaster,unmatched,,,"Kremlin, Moskva, Russia",positive,https://www.yahoo.com/news/firehose-election-conspiracy-theories-floods-095551872.html,url,090,2
2024-10-29,disaster,unmatched,,,"Zarya, Vladimirskaya Oblast', Russia",positive,https://www.dailymail.co.uk/sciencetech/article-14015087/NASA-ISS-leaking-cracking-evacuation-fears.html,url,071,5
2024-10-29,disaster,unmatched,,,"Petersburg, Sankt-Peterburg, Russia",positive,https://www.miragenews.com/hurricanes-helene-milton-coastal-flooding-1346812/,url,013,4
2024-10-30,disaster,unmatched,,,"Zvezda, Novgorodskaya Oblast', Russia",positive,https://www.dailymail.co.uk/sciencetech/article-14019049/ISS-evacuated-IMMEDIATELY-Expert-warns.html,url,013,5
2024-10-31,disaster,unmatched,,,"Zvezda, Novgorodskaya Oblast', Russia",positive,https://eng.obozrevatel.com/section-news/news-how-nasa-is-going-to-evacuate-astronauts-from-the-iss-a-rough-plan-has-been-posted-online-31-10-2024.html,url,050,10
2024-11-01,disaster,unmatched,,,"Zvezda, Novgorodskaya Oblast', Russia",positive,https://legalinsurrection.com/2024/11/astronauts-aboard-international-space-station-told-to-prepare-for-urgent-evacuation/,url,030,10
2024-11-01,disaster,unmatched,,,"Kremlin, Moskva, Russia",positive,https://highlandcountypress.com/headlines/firehose-election-conspiracy-theories-floods-final-days-campaign,url,090,2
2024-11-02,disaster,unmatched,,,"Zvezda, Novgorodskaya Oblast', Russia",positive,https://wattsupwiththat.com/2024/11/02/astronauts-aboard-international-space-station-told-to-prepare-for-urgent-evacuation/,url,030,10
2024-11-05,disaster,unmatched,,,"Kremlin, Moskva, Russia",positive,https://www.dailymaverick.co.za/article/2024-11-05-zelensky-warns-of-global-instability-after-north-korean-troop-clash-us-polling-sites-evacuated-after-fake-russian-bomb-threats/,url,166,10
2024-11-08,disaster,unmatched,,,"Kremlin, Moskva, Russia",positive,https://mynorthwest.com/4007334/the-us-election-was-largely-trouble-free-but-a-flood-of-misinformation-raises-future-concerns/,url,010,480
2024-11-08,disaster,unmatched,,,"Moscow, Moskva, Russia",positive,https://www.durangoherald.com/articles/the-us-election-was-largely-trouble-free-but-a-flood-of-misinformation-raises-future-concerns/,url,130,58
2024-11-08,disaster,unmatched,,,"Kremlin, Moskva, Russia",positive,https://www.semissourian.com/world/the-us-election-was-largely-trouble-free-but-a-flood-of-misinformation-raises-future-concerns-5fcf17a8,url,130,2
2024-11-09,disaster,unmatched,,,"Kremlin, Moskva, Russia",positive,https://www.whitecountycitizen.com/us-election-largely-trouble-free-but-flood-of-misinformation-raises-future-concerns/article_306a5119-d251-5161-b87c-b36497b3b790.html,url,051,1
2024-11-11,disaster,unmatched,,,"Kremlin, Moskva, Russia",positive,https://www.minnpost.com/elections/2024/11/the-u-s-election-was-largely-trouble-free-but-a-flood-of-disinformation-raises-future-concerns/,url,010,8
2024-11-12,disaster,unmatched,,,"Moscow, Moskva, Russia",positive,https://www.bostonglobe.com/2024/11/11/world/israel-issues-new-evacuation-warnings-lebanon/,url,060,28
2024-11-13,disaster,unmatched,,,"Petersburg, Sankt-Peterburg, Russia",positive,https://www.fox13news.com/news/pinellas-county-saw-increased-flooding-during-milton-because-faulty-water-pumps,url,070,20
2024-11-25,disaster,unmatched,,,"Moscow, Moskva, Russia",positive,https://www.dailymail.co.uk/news/article-14121311/Terrifying-moment-plane-goes-flames-passengers-forced-evacuate-tarmac.html,url,090,90
2024-11-25,disaster,unmatched,,,"Sochi, Krasnodarskiy Kray, Russia",positive,https://www.yoursourceone.com/news/national_news/russian-plane-catches-fire-after-landing-in-turkey-but-passengers-and-crew-are-safely-evacuated/article_79a1579d-14d7-524b-b5e6-d1de712ce28c.html,url,042,24
2024-11-25,disaster,unmatched,,,"Sochi, Krasnodarskiy Kray, Russia",positive,https://news.sky.com/story/russian-plane-catches-fire-after-landing-in-turkey-but-passengers-and-crew-safely-evacuated-13260330,url,160,12
2024-11-25,disaster,unmatched,,,"Sochi, Krasnodarskiy Kray, Russia",positive,https://www.financialexpress.com/business/airlines-aviation-russian-plane-engulfed-in-flames-upon-landing-at-antalya-airport-in-turkey-passengers-and-crew-safely-evacuated-watch-3676253/,url,060,5
2024-11-25,disaster,unmatched,,,"Sochi, Krasnodarskiy Kray, Russia",positive,http://thepeninsulaqatar.com/article/25/11/2024/russia-plane-evacuated-in-antalya-airport-as-engine-catches-fire,url,042,2
2024-11-26,disaster,unmatched,,,"Moscow, Moskva, Russia",positive,https://www.barrons.com/news/trump-triumph-mega-floods-olympic-joy-12-key-events-in-2024-85a8785f,url,173,16
2024-12-03,disaster,unmatched,,,"Moscow, Moskva, Russia",positive,https://eturbonews.com/32000-russians-shun-evacuation-stay-egypt/,url,042,2
2024-12-04,disaster,unmatched,,,"Moscow, Moskva, Russia",positive,https://eturbonews.com/russia-tourists-evacuation-egypt-completed/,url,010,19
2024-12-08,disaster,unmatched,,,"Moscow, Moskva, Russia",positive,https://eturbonews.com/129-passengers-evacuated-from-smoke-filled-plane-at-moscow-airport/,url,160,10
2024-12-09,disaster,unmatched,,,"Rostov, Rostovskaya Oblast', Russia",positive,https://eng.obozrevatel.com/section-world/news-rostov-is-not-rubber-memes-about-fugitive-assad-flood-the-web-09-12-2024.html,url,080,10
2024-12-09,disaster,unmatched,,,"Kuzbass, Russia (general), Russia",positive,https://www.centralchronicle.com/120-people-evacuated-after-fire-in-russian-coal-mine-emergencies-ministry/,url,0841,7
2024-12-09,disaster,unmatched,,,"Moscow, Moskva, Russia",positive,https://www.dawn.com/news/1877656/pm-shehbaz-orders-safe-evacuation-of-pakistanis-from-syria-as-top-priority,url,0233,2
2024-12-09,disaster,unmatched,,,"Moscow, Moskva, Russia",positive,https://www.themoscowtimes.com/2024/12/09/russia-seeking-turkish-help-evacuating-soldiers-from-syria-reports-a87269,url,040,2
2024-12-10,disaster,unmatched,,,"Moscow, Moskva, Russia",positive,https://www.oneindia.com/india/india-evacuates-75-nationals-from-syria-011-4012219.html,url,192,3
2024-12-10,disaster,unmatched,,,"Moscow, Moskva, Russia",positive,https://www.dawn.com/news/1877872/79-pakistani-pilgrims-evacuated-to-beirut-as-head-of-syrian-transitional-govt-announced,url,100,2
2024-12-10,disaster,unmatched,,,"Moscow, Moskva, Russia",positive,https://www.thehindu.com/news/national/india-evacuates-nationals-from-syria/article68970817.ece,url,160,2
2024-12-11,disaster,unmatched,,,"Kremlin, Moskva, Russia",positive,https://www.bignewsnetwork.com/news/274843962/indian-nationals-evacuated-from-syria-reach-beirut,url,160,36
2024-12-11,disaster,unmatched,,,"Moscow, Moskva, Russia",positive,https://www.bignewsnetwork.com/news/274842591/india-evacuates-75-nationals-from-syria,url,173,11
2024-12-11,disaster,unmatched,,,"Kremlin, Moskva, Russia",positive,https://www.ndtv.com/world-news/75-indians-evacuated-from-syria-as-rebels-take-over-now-in-lebanon-7220454,url,075,10
2024-12-11,disaster,unmatched,,,"Moscow, Moskva, Russia",positive,https://en.antaranews.com/news/337852/thirty-seven-indonesians-evacuated-from-syria-embassy,url,160,9
2024-12-11,disaster,unmatched,,,"Moscow, Moskva, Russia",positive,https://pragativadi.com/india-evacuates-75-nationals-from-syria-days-after-rebels-oust-assad/,url,043,9
2024-12-11,disaster,unmatched,,,"Moscow, Moskva, Russia",positive,https://www.themoscowtimes.com/2024/12/11/russia-not-evacuating-key-air-naval-bases-in-syria-ft-a87290,url,010,5
2024-12-11,disaster,unmatched,,,"Moscow, Moskva, Russia",positive,https://www.moneycontrol.com/news/india/india-evacuates-75-nationals-from-syria-amid-rebel-takeover-12887260.html,url,080,3
2024-12-11,disaster,unmatched,,,"Kremlin, Moskva, Russia",positive,https://www.rozanaspokesman.com/news/nation/111224/india-safely-evacuates-75-nationals-from-conflict-ridden-syria.html,url,173,2
2024-12-11,disaster,unmatched,,,"Moscow, Moskva, Russia",positive,https://www.news18.com/india/syria-conflict-india-evacuates-citizens-from-syria-indian-embassies-damascus-beirut-9152032.html,url,160,2
2024-12-12,disaster,unmatched,,,"Petersburg, Sankt-Peterburg, Russia",positive,https://eng.obozrevatel.com/section-news/news-party-in-tartus-the-diu-tells-what-russian-military-are-doing-in-syria-while-waiting-for-evacuation-12-12-2024.html,url,174,11
2024-12-12,disaster,unmatched,,,"Moscow, Moskva, Russia",positive,https://www.dnaindia.com/india/report-india-evacuates-75-nationals-from-syria-to-return-to-india-via-commercial-flights-3122007,url,160,4
2024-12-14,disaster,unmatched,,,"Kremlin, Moskva, Russia",positive,https://www.newsweek.com/satellite-images-reveal-russian-military-evacuating-syria-2000952,url,020,6
2024-12-16,disaster,unmatched,,,"Moscow, Moskva, Russia",positive,https://www.thenews.com.pk/print/1262021-moscow-evacuates-part-of-its-diplomatic-personnel-in-syria,url,080,48
2024-12-16,disaster,unmatched,,,"Moscow, Moskva, Russia",positive,https://news.az/news/belarus-has-evacuated-all-of-its-diplomats-from-syria,url,160,36
2024-12-16,disaster,unmatched,,,"Kremlin, Moskva, Russia",positive,https://www.newsweek.com/bashar-al-assad-russians-forced-evacuation-syria-2001343,url,075,12
2024-12-16,disaster,unmatched,,,"Moscow, Moskva, Russia",positive,https://nehandaradio.com/2024/12/16/bashar-al-assad-denies-planning-to-flee-syria-before-evacuation-by-russia/,url,120,8
2024-12-16,disaster,unmatched,,,"Moscow, Moskva, Russia",positive,https://www.nknews.org/2024/12/russia-evacuates-north-korean-diplomats-from-syria-following-assads-ouster/,url,0841,6
2024-12-16,disaster,unmatched,,,"Moscow, Moskva, Russia",positive,https://www.themoscowtimes.com/2024/12/16/assad-denies-planned-exit-from-syria-claims-moscow-requested-evacuation-a87357,url,112,4
2024-12-16,disaster,unmatched,,,"Moscow, Moskva, Russia",positive,https://www.hurriyetdailynews.com/assad-says-he-had-no-plans-to-leave-but-russians-evacuated-him-203676,url,0333,2
2024-12-16,disaster,unmatched,,,"Moscow, Moskva, Russia",positive,https://theshillongtimes.com/2024/12/17/assad-says-he-wanted-to-keep-fighting-but-russians-evacuated-him/,url,010,1
2024-12-17,disaster,unmatched,,,"Moscow, Moskva, Russia",positive,https://foreignpolicy.com/2024/12/17/syria-afghanistant-collapse-evacuation-weapons-hts-taliban/,url,072,20
2024-12-18,disaster,unmatched,,,"Petersburg, Sankt-Peterburg, Russia",positive,https://www.yahoo.com/news/275-st-petersburg-seniors-evacuated-155600222.html,url,190,20
2024-12-18,disaster,unmatched,,,"Petersburg, Sankt-Peterburg, Russia",positive,https://www.fox13news.com/news/200-plus-st-pete-seniors-evacuated-from-apartments-after-fire,url,030,20
2024-12-18,disaster,unmatched,,,"Gelendzhik, Krasnodarskiy Kray, Russia",positive,https://eturbonews.com/disastrous-flooding-wrecks-tourism-southern-russia/,url,036,10
2024-12-18,disaster,unmatched,,,"Kerch Strait, Russia (general), Russia",positive,https://www.sott.net/article/496727-Storm-triggers-flooding-in-Sochi-Russia-months-worth-of-rain-in-a-day,url,051,8
2024-12-18,disaster,unmatched,,,"Novorossiysk, Krasnodarskiy Kray, Russia",positive,https://kesq.com/news/national-world/cnn-world/2024/12/18/russias-black-sea-beaches-flooded-with-oil-from-wreck-of-tankers/,url,043,3
2024-12-19,disaster,unmatched,,,"Petersburg, Sankt-Peterburg, Russia",positive,https://www.wtsp.com/article/news/local/pinellascounty/lutheran-apartments-fire-evacuation-st-pete/67-4709acd6-9b6d-497a-8567-756d46201f15,url,060,5
2024-12-23,disaster,unmatched,,,"Moscow, Moskva, Russia",positive,https://www.newsweek.com/russian-troop-ship-stranded-evacuating-syria-2005031,url,042,12
2024-12-23,disaster,unmatched,,,"Moscow, Moskva, Russia",positive,https://www.yahoo.com/news/russian-vessel-personnel-evacuation-syria-085715664.html,url,072,12
2024-12-23,disaster,unmatched,,,"Moscow, Moskva, Russia",positive,https://www.firstpost.com/explainers/how-luxury-western-goods-flood-stores-in-russia-three-years-into-sanctions-13847050.html,url,043,5
2024-12-24,disaster,unmatched,,,"Pokrovsk, Mordoviya, Russia",positive,https://www.novinite.com/articles/230041/Russian+Cargo+Ship+Sinks+off+Spanish+Coast+Amid+Suspected+Syrian+Evacuation+Mission,url,010,20
2024-12-25,disaster,unmatched,,,"Petersburg, Sankt-Peterburg, Russia",positive,https://theleader.info/2024/12/25/14-crew-members-of-russian-ship-evacuated-to-cartagena-after-engine-room-explosion/,url,020,10
2024-12-27,disaster,unmatched,,,"Petersburg, Sankt-Peterburg, Russia",positive,https://www.bostonglobe.com/2024/12/27/business/flood-homeowners-raise-raze/,url,1721,5
